{"level":"info","message":"✅ Redis connected","service":"billing-saas-api","timestamp":"2025-11-27 10:04:05:45"}
{"level":"info","message":"✅ Database connection established","service":"billing-saas-api","timestamp":"2025-11-27 10:04:06:46"}
{"level":"info","message":"Database connected successfully","service":"billing-saas-api","timestamp":"2025-11-27 10:04:06:46"}
{"level":"info","message":"Server running on port 3001 in development mode","service":"billing-saas-api","timestamp":"2025-11-27 10:04:06:46"}
{"level":"info","message":"🧹 Cleared 1 cache keys matching invoices:221ccd12-e9b2-4f39-9cfe-81bdbed59edc:*","service":"billing-saas-api","timestamp":"2025-11-27 11:02:51:251"}
{"level":"info","message":"🧹 Cleared 1 cache keys matching cache:221ccd12-e9b2-4f39-9cfe-81bdbed59edc:/api/invoices*","service":"billing-saas-api","timestamp":"2025-11-27 11:02:51:251"}
{"level":"info","message":"Processing loyalty for invoice: ee04b18f-d9ef-4049-b418-8befe6b74017, totalAmount: 24007.50, type: string","service":"billing-saas-api","timestamp":"2025-11-27 11:02:51:251"}
{"level":"info","message":"Cashback calculation: amount=10000, percentage=5.00, cashback=500","service":"billing-saas-api","timestamp":"2025-11-27 11:02:51:251"}
{"level":"info","message":"Customer loyalty update - totalSpent: 103161, availableCashback: 500, totalCashbackEarned: 3500","service":"billing-saas-api","timestamp":"2025-11-27 11:02:51:251"}
{"level":"info","message":"Processed cashback of ₹500 for customer 047f643f-6c30-463c-b2dd-3bf35ac8066d","service":"billing-saas-api","timestamp":"2025-11-27 11:02:51:251"}
{"invoiceId":"ee04b18f-d9ef-4049-b418-8befe6b74017","level":"info","message":"Invoice created in 339ms","service":"billing-saas-api","tenantId":"221ccd12-e9b2-4f39-9cfe-81bdbed59edc","timestamp":"2025-11-27 11:02:51:251"}
{"level":"info","message":"Notification sent successfully for user 4eb22303-2c90-4123-a8c2-92a9027388ba","service":"billing-saas-api","timestamp":"2025-11-27 11:02:52:252"}
{"level":"info","message":"Processing loyalty for invoice: ee04b18f-d9ef-4049-b418-8befe6b74017, totalAmount: 24007.50, type: string","service":"billing-saas-api","timestamp":"2025-11-27 11:02:53:253"}
{"level":"info","message":"Cashback calculation: amount=10000, percentage=5.00, cashback=500","service":"billing-saas-api","timestamp":"2025-11-27 11:02:53:253"}
{"level":"info","message":"Customer loyalty update - totalSpent: 127168.5, availableCashback: 1000, totalCashbackEarned: 4000","service":"billing-saas-api","timestamp":"2025-11-27 11:02:53:253"}
{"level":"info","message":"Processed cashback of ₹500 for customer 047f643f-6c30-463c-b2dd-3bf35ac8066d","service":"billing-saas-api","timestamp":"2025-11-27 11:02:53:253"}
{"level":"info","message":"Loyalty processing completed for invoice: ee04b18f-d9ef-4049-b418-8befe6b74017","service":"billing-saas-api","timestamp":"2025-11-27 11:02:53:253"}
{"level":"info","message":"🧹 Cleared 1 cache keys matching cache:221ccd12-e9b2-4f39-9cfe-81bdbed59edc:/api/invoices*","service":"billing-saas-api","timestamp":"2025-11-27 11:04:18:418"}
{"level":"info","message":"Processing loyalty for invoice: 80727f3e-9dfa-436a-b984-37779c51975d, totalAmount: 15750.00, type: string","service":"billing-saas-api","timestamp":"2025-11-27 11:04:18:418"}
{"level":"info","message":"No cashback earned for invoice 80727f3e-9dfa-436a-b984-37779c51975d - amount below threshold","service":"billing-saas-api","timestamp":"2025-11-27 11:04:18:418"}
{"invoiceId":"80727f3e-9dfa-436a-b984-37779c51975d","level":"info","message":"Invoice created in 90ms","service":"billing-saas-api","tenantId":"221ccd12-e9b2-4f39-9cfe-81bdbed59edc","timestamp":"2025-11-27 11:04:18:418"}
{"level":"info","message":"Notification sent successfully for user 4eb22303-2c90-4123-a8c2-92a9027388ba","service":"billing-saas-api","timestamp":"2025-11-27 11:04:19:419"}
{"level":"info","message":"Processing loyalty for invoice: 80727f3e-9dfa-436a-b984-37779c51975d, totalAmount: 15750.00, type: string","service":"billing-saas-api","timestamp":"2025-11-27 11:04:20:420"}
{"level":"info","message":"No cashback earned for invoice 80727f3e-9dfa-436a-b984-37779c51975d - amount below threshold","service":"billing-saas-api","timestamp":"2025-11-27 11:04:20:420"}
{"level":"info","message":"Loyalty processing completed for invoice: 80727f3e-9dfa-436a-b984-37779c51975d","service":"billing-saas-api","timestamp":"2025-11-27 11:04:20:420"}
{"level":"info","message":"🧹 Cleared 1 cache keys matching invoices:221ccd12-e9b2-4f39-9cfe-81bdbed59edc:*","service":"billing-saas-api","timestamp":"2025-11-27 11:04:52:452"}
{"level":"info","message":"🧹 Cleared 1 cache keys matching cache:221ccd12-e9b2-4f39-9cfe-81bdbed59edc:/api/invoices*","service":"billing-saas-api","timestamp":"2025-11-27 11:04:52:452"}
{"level":"info","message":"Processing loyalty for invoice: 80727f3e-9dfa-436a-b984-37779c51975d, totalAmount: 15750.00, type: string","service":"billing-saas-api","timestamp":"2025-11-27 11:04:52:452"}
{"level":"info","message":"Cashback calculation: amount=10000, percentage=5.00, cashback=500","service":"billing-saas-api","timestamp":"2025-11-27 11:04:52:452"}
{"level":"info","message":"Customer loyalty update - totalSpent: 142918.5, availableCashback: 1500, totalCashbackEarned: 4500","service":"billing-saas-api","timestamp":"2025-11-27 11:04:52:452"}
{"level":"info","message":"Processed cashback of ₹500 for customer 047f643f-6c30-463c-b2dd-3bf35ac8066d","service":"billing-saas-api","timestamp":"2025-11-27 11:04:52:452"}
{"id":"80727f3e-9dfa-436a-b984-37779c51975d","level":"info","message":"Invoice updated in 102ms","service":"billing-saas-api","tenantId":"221ccd12-e9b2-4f39-9cfe-81bdbed59edc","timestamp":"2025-11-27 11:04:52:452"}
{"level":"info","message":"Processing loyalty for invoice: 80727f3e-9dfa-436a-b984-37779c51975d, totalAmount: 15750.00, type: string","service":"billing-saas-api","timestamp":"2025-11-27 11:04:54:454"}
{"level":"info","message":"Cashback calculation: amount=10000, percentage=5.00, cashback=500","service":"billing-saas-api","timestamp":"2025-11-27 11:04:54:454"}
{"level":"info","message":"Customer loyalty update - totalSpent: 158668.5, availableCashback: 2000, totalCashbackEarned: 5000","service":"billing-saas-api","timestamp":"2025-11-27 11:04:54:454"}
{"level":"info","message":"Processed cashback of ₹500 for customer 047f643f-6c30-463c-b2dd-3bf35ac8066d","service":"billing-saas-api","timestamp":"2025-11-27 11:04:54:454"}
{"level":"info","message":"Loyalty processing completed for invoice: 80727f3e-9dfa-436a-b984-37779c51975d","service":"billing-saas-api","timestamp":"2025-11-27 11:04:54:454"}
{"level":"info","message":"🧹 Cleared 1 cache keys matching invoices:221ccd12-e9b2-4f39-9cfe-81bdbed59edc:*","service":"billing-saas-api","timestamp":"2025-11-27 11:07:55:755"}
{"level":"info","message":"🧹 Cleared 1 cache keys matching cache:221ccd12-e9b2-4f39-9cfe-81bdbed59edc:/api/invoices*","service":"billing-saas-api","timestamp":"2025-11-27 11:07:55:755"}
{"level":"info","message":"🧹 Cleared 3 cache keys matching *Invoice*221ccd12-e9b2-4f39-9cfe-81bdbed59edc*","service":"billing-saas-api","timestamp":"2025-11-27 11:07:55:755"}
{"level":"info","message":"Processing loyalty for invoice: 80727f3e-9dfa-436a-b984-37779c51975d, totalAmount: 15750.00, type: string","service":"billing-saas-api","timestamp":"2025-11-27 11:07:55:755"}
{"level":"info","message":"Cashback calculation: amount=10000, percentage=5.00, cashback=500","service":"billing-saas-api","timestamp":"2025-11-27 11:07:55:755"}
{"level":"info","message":"Customer loyalty update - totalSpent: 174418.5, availableCashback: 2500, totalCashbackEarned: 5500","service":"billing-saas-api","timestamp":"2025-11-27 11:07:55:755"}
{"level":"info","message":"Processed cashback of ₹500 for customer 047f643f-6c30-463c-b2dd-3bf35ac8066d","service":"billing-saas-api","timestamp":"2025-11-27 11:07:55:755"}
{"id":"80727f3e-9dfa-436a-b984-37779c51975d","level":"info","message":"Invoice updated in 117ms","service":"billing-saas-api","tenantId":"221ccd12-e9b2-4f39-9cfe-81bdbed59edc","timestamp":"2025-11-27 11:07:55:755"}
{"level":"info","message":"Processing loyalty for invoice: 80727f3e-9dfa-436a-b984-37779c51975d, totalAmount: 15750.00, type: string","service":"billing-saas-api","timestamp":"2025-11-27 11:07:57:757"}
{"level":"info","message":"Cashback calculation: amount=10000, percentage=5.00, cashback=500","service":"billing-saas-api","timestamp":"2025-11-27 11:07:57:757"}
{"level":"info","message":"Customer loyalty update - totalSpent: 190168.5, availableCashback: 3000, totalCashbackEarned: 6000","service":"billing-saas-api","timestamp":"2025-11-27 11:07:57:757"}
{"level":"info","message":"Processed cashback of ₹500 for customer 047f643f-6c30-463c-b2dd-3bf35ac8066d","service":"billing-saas-api","timestamp":"2025-11-27 11:07:57:757"}
{"level":"info","message":"Loyalty processing completed for invoice: 80727f3e-9dfa-436a-b984-37779c51975d","service":"billing-saas-api","timestamp":"2025-11-27 11:07:57:757"}
{"level":"info","message":"🧹 Cleared 1 cache keys matching invoices:221ccd12-e9b2-4f39-9cfe-81bdbed59edc:*","service":"billing-saas-api","timestamp":"2025-11-27 11:12:51:1251"}
{"level":"info","message":"🧹 Cleared 1 cache keys matching cache:221ccd12-e9b2-4f39-9cfe-81bdbed59edc:/api/invoices*","service":"billing-saas-api","timestamp":"2025-11-27 11:12:51:1251"}
{"level":"info","message":"🧹 Cleared 3 cache keys matching *Invoice*221ccd12-e9b2-4f39-9cfe-81bdbed59edc*","service":"billing-saas-api","timestamp":"2025-11-27 11:12:51:1251"}
{"level":"info","message":"Processing loyalty for invoice: 80727f3e-9dfa-436a-b984-37779c51975d, totalAmount: 15750.00, type: string","service":"billing-saas-api","timestamp":"2025-11-27 11:12:51:1251"}
{"level":"info","message":"Cashback calculation: amount=10000, percentage=5.00, cashback=500","service":"billing-saas-api","timestamp":"2025-11-27 11:12:51:1251"}
{"level":"info","message":"Customer loyalty update - totalSpent: 205918.5, availableCashback: 3500, totalCashbackEarned: 6500","service":"billing-saas-api","timestamp":"2025-11-27 11:12:51:1251"}
{"level":"info","message":"Processed cashback of ₹500 for customer 047f643f-6c30-463c-b2dd-3bf35ac8066d","service":"billing-saas-api","timestamp":"2025-11-27 11:12:51:1251"}
{"id":"80727f3e-9dfa-436a-b984-37779c51975d","level":"info","message":"Invoice updated in 156ms","service":"billing-saas-api","tenantId":"221ccd12-e9b2-4f39-9cfe-81bdbed59edc","timestamp":"2025-11-27 11:12:51:1251"}
{"level":"info","message":"Processing loyalty for invoice: 80727f3e-9dfa-436a-b984-37779c51975d, totalAmount: 15750.00, type: string","service":"billing-saas-api","timestamp":"2025-11-27 11:12:53:1253"}
{"level":"info","message":"Cashback calculation: amount=10000, percentage=5.00, cashback=500","service":"billing-saas-api","timestamp":"2025-11-27 11:12:53:1253"}
{"level":"info","message":"Customer loyalty update - totalSpent: 221668.5, availableCashback: 4000, totalCashbackEarned: 7000","service":"billing-saas-api","timestamp":"2025-11-27 11:12:53:1253"}
{"level":"info","message":"Processed cashback of ₹500 for customer 047f643f-6c30-463c-b2dd-3bf35ac8066d","service":"billing-saas-api","timestamp":"2025-11-27 11:12:53:1253"}
{"level":"info","message":"Loyalty processing completed for invoice: 80727f3e-9dfa-436a-b984-37779c51975d","service":"billing-saas-api","timestamp":"2025-11-27 11:12:53:1253"}
{"level":"info","message":"🧹 Cleared 1 cache keys matching invoices:221ccd12-e9b2-4f39-9cfe-81bdbed59edc:*","service":"billing-saas-api","timestamp":"2025-11-27 11:15:55:1555"}
{"level":"info","message":"🧹 Cleared 1 cache keys matching cache:221ccd12-e9b2-4f39-9cfe-81bdbed59edc:/api/invoices*","service":"billing-saas-api","timestamp":"2025-11-27 11:15:55:1555"}
{"level":"info","message":"🧹 Cleared 3 cache keys matching *Invoice*221ccd12-e9b2-4f39-9cfe-81bdbed59edc*","service":"billing-saas-api","timestamp":"2025-11-27 11:15:55:1555"}
{"level":"info","message":"Processing loyalty for invoice: 80727f3e-9dfa-436a-b984-37779c51975d, totalAmount: 15750.00, type: string","service":"billing-saas-api","timestamp":"2025-11-27 11:15:56:1556"}
{"level":"info","message":"Cashback calculation: amount=10000, percentage=5.00, cashback=500","service":"billing-saas-api","timestamp":"2025-11-27 11:15:56:1556"}
{"level":"info","message":"Customer loyalty update - totalSpent: 237418.5, availableCashback: 4500, totalCashbackEarned: 7500","service":"billing-saas-api","timestamp":"2025-11-27 11:15:56:1556"}
{"level":"info","message":"Processed cashback of ₹500 for customer 047f643f-6c30-463c-b2dd-3bf35ac8066d","service":"billing-saas-api","timestamp":"2025-11-27 11:15:56:1556"}
{"id":"80727f3e-9dfa-436a-b984-37779c51975d","level":"info","message":"Invoice updated in 159ms","service":"billing-saas-api","tenantId":"221ccd12-e9b2-4f39-9cfe-81bdbed59edc","timestamp":"2025-11-27 11:15:56:1556"}
{"level":"info","message":"Processing loyalty for invoice: 80727f3e-9dfa-436a-b984-37779c51975d, totalAmount: 15750.00, type: string","service":"billing-saas-api","timestamp":"2025-11-27 11:15:58:1558"}
{"level":"info","message":"Cashback calculation: amount=10000, percentage=5.00, cashback=500","service":"billing-saas-api","timestamp":"2025-11-27 11:15:58:1558"}
{"level":"info","message":"Customer loyalty update - totalSpent: 253168.5, availableCashback: 5000, totalCashbackEarned: 8000","service":"billing-saas-api","timestamp":"2025-11-27 11:15:58:1558"}
{"level":"info","message":"Processed cashback of ₹500 for customer 047f643f-6c30-463c-b2dd-3bf35ac8066d","service":"billing-saas-api","timestamp":"2025-11-27 11:15:58:1558"}
{"level":"info","message":"Loyalty processing completed for invoice: 80727f3e-9dfa-436a-b984-37779c51975d","service":"billing-saas-api","timestamp":"2025-11-27 11:15:58:1558"}
{"level":"info","message":"🧹 Cleared 1 cache keys matching invoices:221ccd12-e9b2-4f39-9cfe-81bdbed59edc:*","service":"billing-saas-api","timestamp":"2025-11-27 11:16:34:1634"}
{"level":"info","message":"🧹 Cleared 1 cache keys matching cache:221ccd12-e9b2-4f39-9cfe-81bdbed59edc:/api/invoices*","service":"billing-saas-api","timestamp":"2025-11-27 11:16:34:1634"}
{"level":"info","message":"Processing loyalty for invoice: 80727f3e-9dfa-436a-b984-37779c51975d, totalAmount: 15750.00, type: string","service":"billing-saas-api","timestamp":"2025-11-27 11:16:34:1634"}
{"level":"info","message":"Cashback calculation: amount=10000, percentage=5.00, cashback=500","service":"billing-saas-api","timestamp":"2025-11-27 11:16:34:1634"}
{"level":"info","message":"Customer loyalty update - totalSpent: 268918.5, availableCashback: 5500, totalCashbackEarned: 8500","service":"billing-saas-api","timestamp":"2025-11-27 11:16:34:1634"}
{"level":"info","message":"Processed cashback of ₹500 for customer 047f643f-6c30-463c-b2dd-3bf35ac8066d","service":"billing-saas-api","timestamp":"2025-11-27 11:16:34:1634"}
{"id":"80727f3e-9dfa-436a-b984-37779c51975d","level":"info","message":"Invoice updated in 167ms","service":"billing-saas-api","tenantId":"221ccd12-e9b2-4f39-9cfe-81bdbed59edc","timestamp":"2025-11-27 11:16:34:1634"}
{"level":"info","message":"Processing loyalty for invoice: 80727f3e-9dfa-436a-b984-37779c51975d, totalAmount: 15750.00, type: string","service":"billing-saas-api","timestamp":"2025-11-27 11:16:36:1636"}
{"level":"info","message":"Cashback calculation: amount=10000, percentage=5.00, cashback=500","service":"billing-saas-api","timestamp":"2025-11-27 11:16:36:1636"}
{"level":"info","message":"Customer loyalty update - totalSpent: 284668.5, availableCashback: 6000, totalCashbackEarned: 9000","service":"billing-saas-api","timestamp":"2025-11-27 11:16:36:1636"}
{"level":"info","message":"Processed cashback of ₹500 for customer 047f643f-6c30-463c-b2dd-3bf35ac8066d","service":"billing-saas-api","timestamp":"2025-11-27 11:16:36:1636"}
{"level":"info","message":"Loyalty processing completed for invoice: 80727f3e-9dfa-436a-b984-37779c51975d","service":"billing-saas-api","timestamp":"2025-11-27 11:16:36:1636"}
{"level":"info","message":"✅ Redis connected","service":"billing-saas-api","timestamp":"2025-11-27 11:18:58:1858"}
{"level":"info","message":"✅ Database connection established","service":"billing-saas-api","timestamp":"2025-11-27 11:18:59:1859"}
{"level":"info","message":"Database connected successfully","service":"billing-saas-api","timestamp":"2025-11-27 11:18:59:1859"}
{"level":"info","message":"Server running on port 3001 in development mode","service":"billing-saas-api","timestamp":"2025-11-27 11:18:59:1859"}
{"level":"info","message":"🧹 Cleared 1 cache keys matching invoices:221ccd12-e9b2-4f39-9cfe-81bdbed59edc:*","service":"billing-saas-api","timestamp":"2025-11-27 11:22:10:2210"}
{"level":"info","message":"🧹 Cleared 1 cache keys matching cache:221ccd12-e9b2-4f39-9cfe-81bdbed59edc:/api/invoices*","service":"billing-saas-api","timestamp":"2025-11-27 11:22:10:2210"}
{"level":"info","message":"🧹 Cleared 3 cache keys matching *Invoice*221ccd12-e9b2-4f39-9cfe-81bdbed59edc*","service":"billing-saas-api","timestamp":"2025-11-27 11:22:10:2210"}
{"level":"info","message":"Processing loyalty for invoice: 80727f3e-9dfa-436a-b984-37779c51975d, totalAmount: 15750.00, type: string","service":"billing-saas-api","timestamp":"2025-11-27 11:22:10:2210"}
{"level":"info","message":"Cashback calculation: amount=10000, percentage=5.00, cashback=500","service":"billing-saas-api","timestamp":"2025-11-27 11:22:10:2210"}
{"level":"info","message":"Customer loyalty update - totalSpent: 300418.5, availableCashback: 6500, totalCashbackEarned: 9500","service":"billing-saas-api","timestamp":"2025-11-27 11:22:10:2210"}
{"level":"info","message":"Processed cashback of ₹500 for customer 047f643f-6c30-463c-b2dd-3bf35ac8066d","service":"billing-saas-api","timestamp":"2025-11-27 11:22:10:2210"}
{"id":"80727f3e-9dfa-436a-b984-37779c51975d","level":"info","message":"Invoice updated in 225ms","service":"billing-saas-api","tenantId":"221ccd12-e9b2-4f39-9cfe-81bdbed59edc","timestamp":"2025-11-27 11:22:10:2210"}
{"level":"info","message":"Processing loyalty for invoice: 80727f3e-9dfa-436a-b984-37779c51975d, totalAmount: 15750.00, type: string","service":"billing-saas-api","timestamp":"2025-11-27 11:22:12:2212"}
{"level":"info","message":"Cashback calculation: amount=10000, percentage=5.00, cashback=500","service":"billing-saas-api","timestamp":"2025-11-27 11:22:12:2212"}
{"level":"info","message":"Customer loyalty update - totalSpent: 316168.5, availableCashback: 7000, totalCashbackEarned: 10000","service":"billing-saas-api","timestamp":"2025-11-27 11:22:12:2212"}
{"level":"info","message":"Processed cashback of ₹500 for customer 047f643f-6c30-463c-b2dd-3bf35ac8066d","service":"billing-saas-api","timestamp":"2025-11-27 11:22:12:2212"}
{"level":"info","message":"Loyalty processing completed for invoice: 80727f3e-9dfa-436a-b984-37779c51975d","service":"billing-saas-api","timestamp":"2025-11-27 11:22:12:2212"}
{"level":"info","message":"✅ Redis connected","service":"billing-saas-api","timestamp":"2025-11-27 11:24:47:2447"}
{"level":"info","message":"✅ Database connection established","service":"billing-saas-api","timestamp":"2025-11-27 11:24:48:2448"}
{"level":"info","message":"Database connected successfully","service":"billing-saas-api","timestamp":"2025-11-27 11:24:48:2448"}
{"level":"info","message":"Server running on port 3001 in development mode","service":"billing-saas-api","timestamp":"2025-11-27 11:24:48:2448"}
{"level":"info","message":"✅ Redis connected","service":"billing-saas-api","timestamp":"2025-11-27 11:26:15:2615"}
{"level":"info","message":"✅ Database connection established","service":"billing-saas-api","timestamp":"2025-11-27 11:26:15:2615"}
{"level":"info","message":"Database connected successfully","service":"billing-saas-api","timestamp":"2025-11-27 11:26:15:2615"}
{"level":"info","message":"Server running on port 3001 in development mode","service":"billing-saas-api","timestamp":"2025-11-27 11:26:15:2615"}
{"level":"info","message":"🧹 Cleared 1 cache keys matching invoices:221ccd12-e9b2-4f39-9cfe-81bdbed59edc:*","service":"billing-saas-api","timestamp":"2025-11-27 11:26:24:2624"}
{"level":"info","message":"🧹 Cleared 1 cache keys matching cache:221ccd12-e9b2-4f39-9cfe-81bdbed59edc:/api/invoices*","service":"billing-saas-api","timestamp":"2025-11-27 11:26:24:2624"}
{"level":"info","message":"🧹 Cleared 3 cache keys matching *Invoice*221ccd12-e9b2-4f39-9cfe-81bdbed59edc*","service":"billing-saas-api","timestamp":"2025-11-27 11:26:24:2624"}
{"level":"info","message":"Processing loyalty for invoice: 80727f3e-9dfa-436a-b984-37779c51975d, totalAmount: 15750.00, type: string","service":"billing-saas-api","timestamp":"2025-11-27 11:26:24:2624"}
{"level":"info","message":"Cashback calculation: amount=10000, percentage=5.00, cashback=500","service":"billing-saas-api","timestamp":"2025-11-27 11:26:24:2624"}
{"level":"info","message":"Customer loyalty update - totalSpent: 331918.5, availableCashback: 7500, totalCashbackEarned: 10500","service":"billing-saas-api","timestamp":"2025-11-27 11:26:24:2624"}
{"level":"info","message":"Processed cashback of ₹500 for customer 047f643f-6c30-463c-b2dd-3bf35ac8066d","service":"billing-saas-api","timestamp":"2025-11-27 11:26:24:2624"}
{"id":"80727f3e-9dfa-436a-b984-37779c51975d","level":"info","message":"Invoice updated in 209ms","service":"billing-saas-api","tenantId":"221ccd12-e9b2-4f39-9cfe-81bdbed59edc","timestamp":"2025-11-27 11:26:24:2624"}
{"level":"info","message":"Processing loyalty for invoice: 80727f3e-9dfa-436a-b984-37779c51975d, totalAmount: 15750.00, type: string","service":"billing-saas-api","timestamp":"2025-11-27 11:26:26:2626"}
{"level":"info","message":"Cashback calculation: amount=10000, percentage=5.00, cashback=500","service":"billing-saas-api","timestamp":"2025-11-27 11:26:26:2626"}
{"level":"info","message":"Customer loyalty update - totalSpent: 347668.5, availableCashback: 8000, totalCashbackEarned: 11000","service":"billing-saas-api","timestamp":"2025-11-27 11:26:26:2626"}
{"level":"info","message":"Processed cashback of ₹500 for customer 047f643f-6c30-463c-b2dd-3bf35ac8066d","service":"billing-saas-api","timestamp":"2025-11-27 11:26:26:2626"}
{"level":"info","message":"Loyalty processing completed for invoice: 80727f3e-9dfa-436a-b984-37779c51975d","service":"billing-saas-api","timestamp":"2025-11-27 11:26:26:2626"}
{"level":"info","message":"✅ Redis connected","service":"billing-saas-api","timestamp":"2025-11-27 11:37:13:3713"}
{"level":"info","message":"✅ Database connection established","service":"billing-saas-api","timestamp":"2025-11-27 11:37:14:3714"}
{"level":"info","message":"Database connected successfully","service":"billing-saas-api","timestamp":"2025-11-27 11:37:14:3714"}
{"level":"info","message":"Server running on port 3001 in development mode","service":"billing-saas-api","timestamp":"2025-11-27 11:37:14:3714"}
{"level":"info","message":"🧹 Cleared 1 cache keys matching invoices:221ccd12-e9b2-4f39-9cfe-81bdbed59edc:*","service":"billing-saas-api","timestamp":"2025-11-27 11:37:55:3755"}
{"level":"info","message":"🧹 Cleared 1 cache keys matching cache:221ccd12-e9b2-4f39-9cfe-81bdbed59edc:/api/invoices*","service":"billing-saas-api","timestamp":"2025-11-27 11:37:55:3755"}
{"level":"info","message":"🧹 Cleared 3 cache keys matching *Invoice*221ccd12-e9b2-4f39-9cfe-81bdbed59edc*","service":"billing-saas-api","timestamp":"2025-11-27 11:37:55:3755"}
{"level":"info","message":"Processing loyalty for invoice: 80727f3e-9dfa-436a-b984-37779c51975d, totalAmount: 15750.00, type: string","service":"billing-saas-api","timestamp":"2025-11-27 11:37:55:3755"}
{"level":"info","message":"Cashback calculation: amount=10000, percentage=5.00, cashback=500","service":"billing-saas-api","timestamp":"2025-11-27 11:37:55:3755"}
{"level":"info","message":"Processed cashback of ₹500 for customer 047f643f-6c30-463c-b2dd-3bf35ac8066d","service":"billing-saas-api","timestamp":"2025-11-27 11:37:55:3755"}
{"id":"80727f3e-9dfa-436a-b984-37779c51975d","level":"info","message":"Invoice updated in 222ms","service":"billing-saas-api","tenantId":"221ccd12-e9b2-4f39-9cfe-81bdbed59edc","timestamp":"2025-11-27 11:37:55:3755"}
{"level":"info","message":"Processing loyalty for invoice: 80727f3e-9dfa-436a-b984-37779c51975d, totalAmount: 15750.00, type: string","service":"billing-saas-api","timestamp":"2025-11-27 11:37:57:3757"}
{"level":"info","message":"Cashback calculation: amount=10000, percentage=5.00, cashback=500","service":"billing-saas-api","timestamp":"2025-11-27 11:37:57:3757"}
{"level":"info","message":"Processed cashback of ₹500 for customer 047f643f-6c30-463c-b2dd-3bf35ac8066d","service":"billing-saas-api","timestamp":"2025-11-27 11:37:57:3757"}
{"level":"info","message":"Loyalty processing completed for invoice: 80727f3e-9dfa-436a-b984-37779c51975d","service":"billing-saas-api","timestamp":"2025-11-27 11:37:57:3757"}
{"level":"info","message":"✅ Redis connected","service":"billing-saas-api","timestamp":"2025-11-27 11:43:02:432"}
{"level":"info","message":"✅ Database connection established","service":"billing-saas-api","timestamp":"2025-11-27 11:43:03:433"}
{"level":"info","message":"Database connected successfully","service":"billing-saas-api","timestamp":"2025-11-27 11:43:03:433"}
{"level":"info","message":"Server running on port 3001 in development mode","service":"billing-saas-api","timestamp":"2025-11-27 11:43:03:433"}
{"level":"error","message":"Uncaught Exception ⨯ Unable to compile TypeScript:\n\u001b[96msrc/services/loyalty/LoyaltyService.ts\u001b[0m:\u001b[93m231\u001b[0m:\u001b[93m71\u001b[0m - \u001b[91merror\u001b[0m\u001b[90m TS2552: \u001b[0mCannot find name 'customerLoyalty'. Did you mean 'CustomerLoyalty'?\r\n\r\n\u001b[7m231\u001b[0m                  logger.info(`Customer loyalty update - totalSpent: ${customerLoyalty.totalAmountSpent}, availableCashback: ${customerLoyalty.availableCashback}, totalCashbackEarned: ${customerLoyalty.totalCashbackEarned}`);\r\n\u001b[7m   \u001b[0m \u001b[91m                                                                      ~~~~~~~~~~~~~~~\u001b[0m\r\n\u001b[96msrc/services/loyalty/LoyaltyService.ts\u001b[0m:\u001b[93m231\u001b[0m:\u001b[93m127\u001b[0m - \u001b[91merror\u001b[0m\u001b[90m TS2552: \u001b[0mCannot find name 'customerLoyalty'. Did you mean 'CustomerLoyalty'?\r\n\r\n\u001b[7m231\u001b[0m                  logger.info(`Customer loyalty update - totalSpent: ${customerLoyalty.totalAmountSpent}, availableCashback: ${customerLoyalty.availableCashback}, totalCashbackEarned: ${customerLoyalty.totalCashbackEarned}`);\r\n\u001b[7m   \u001b[0m \u001b[91m                                                                                                                              ~~~~~~~~~~~~~~~\u001b[0m\r\n\u001b[96msrc/services/loyalty/LoyaltyService.ts\u001b[0m:\u001b[93m231\u001b[0m:\u001b[93m186\u001b[0m - \u001b[91merror\u001b[0m\u001b[90m TS2552: \u001b[0mCannot find name 'customerLoyalty'. Did you mean 'CustomerLoyalty'?\r\n\r\n\u001b[7m231\u001b[0m                  logger.info(`Customer loyalty update - totalSpent: ${customerLoyalty.totalAmountSpent}, availableCashback: ${customerLoyalty.availableCashback}, totalCashbackEarned: ${customerLoyalty.totalCashbackEarned}`);\r\n\u001b[7m   \u001b[0m \u001b[91m                                                                                                                                                                                         ~~~~~~~~~~~~~~~\u001b[0m\r\n","service":"billing-saas-api","stack":"TSError: ⨯ Unable to compile TypeScript:\n\u001b[96msrc/services/loyalty/LoyaltyService.ts\u001b[0m:\u001b[93m231\u001b[0m:\u001b[93m71\u001b[0m - \u001b[91merror\u001b[0m\u001b[90m TS2552: \u001b[0mCannot find name 'customerLoyalty'. Did you mean 'CustomerLoyalty'?\r\n\r\n\u001b[7m231\u001b[0m                  logger.info(`Customer loyalty update - totalSpent: ${customerLoyalty.totalAmountSpent}, availableCashback: ${customerLoyalty.availableCashback}, totalCashbackEarned: ${customerLoyalty.totalCashbackEarned}`);\r\n\u001b[7m   \u001b[0m \u001b[91m                                                                      ~~~~~~~~~~~~~~~\u001b[0m\r\n\u001b[96msrc/services/loyalty/LoyaltyService.ts\u001b[0m:\u001b[93m231\u001b[0m:\u001b[93m127\u001b[0m - \u001b[91merror\u001b[0m\u001b[90m TS2552: \u001b[0mCannot find name 'customerLoyalty'. Did you mean 'CustomerLoyalty'?\r\n\r\n\u001b[7m231\u001b[0m                  logger.info(`Customer loyalty update - totalSpent: ${customerLoyalty.totalAmountSpent}, availableCashback: ${customerLoyalty.availableCashback}, totalCashbackEarned: ${customerLoyalty.totalCashbackEarned}`);\r\n\u001b[7m   \u001b[0m \u001b[91m                                                                                                                              ~~~~~~~~~~~~~~~\u001b[0m\r\n\u001b[96msrc/services/loyalty/LoyaltyService.ts\u001b[0m:\u001b[93m231\u001b[0m:\u001b[93m186\u001b[0m - \u001b[91merror\u001b[0m\u001b[90m TS2552: \u001b[0mCannot find name 'customerLoyalty'. Did you mean 'CustomerLoyalty'?\r\n\r\n\u001b[7m231\u001b[0m                  logger.info(`Customer loyalty update - totalSpent: ${customerLoyalty.totalAmountSpent}, availableCashback: ${customerLoyalty.availableCashback}, totalCashbackEarned: ${customerLoyalty.totalCashbackEarned}`);\r\n\u001b[7m   \u001b[0m \u001b[91m                                                                                                                                                                                         ~~~~~~~~~~~~~~~\u001b[0m\r\n\n    at createTSError (E:\\BillingSoftware\\node_modules\\ts-node\\src\\index.ts:859:12)\n    at reportTSError (E:\\BillingSoftware\\node_modules\\ts-node\\src\\index.ts:863:19)\n    at getOutput (E:\\BillingSoftware\\node_modules\\ts-node\\src\\index.ts:1077:36)\n    at Object.compile (E:\\BillingSoftware\\node_modules\\ts-node\\src\\index.ts:1433:41)\n    at Module.m._compile (E:\\BillingSoftware\\node_modules\\ts-node\\src\\index.ts:1617:30)\n    at node:internal/modules/cjs/loader:1895:10\n    at Object.require.extensions.<computed> [as .ts] (E:\\BillingSoftware\\node_modules\\ts-node\\src\\index.ts:1621:12)\n    at Module.load (node:internal/modules/cjs/loader:1465:32)\n    at Function._load (node:internal/modules/cjs/loader:1282:12)\n    at TracingChannel.traceSync (node:diagnostics_channel:322:14)","timestamp":"2025-11-27 11:46:02:462"}
{"level":"info","message":"✅ Redis connected","service":"billing-saas-api","timestamp":"2025-11-27 11:46:02:462"}
{"level":"error","message":"Uncaught Exception ⨯ Unable to compile TypeScript:\n\u001b[96msrc/services/loyalty/LoyaltyService.ts\u001b[0m:\u001b[93m231\u001b[0m:\u001b[93m71\u001b[0m - \u001b[91merror\u001b[0m\u001b[90m TS18047: \u001b[0m'customerLoyalty' is possibly 'null'.\r\n\r\n\u001b[7m231\u001b[0m                  logger.info(`Customer loyalty update - totalSpent: ${customerLoyalty.totalAmountSpent}, availableCashback: ${customerLoyalty.availableCashback}, totalCashbackEarned: ${customerLoyalty.totalCashbackEarned}`);\r\n\u001b[7m   \u001b[0m \u001b[91m                                                                      ~~~~~~~~~~~~~~~\u001b[0m\r\n\u001b[96msrc/services/loyalty/LoyaltyService.ts\u001b[0m:\u001b[93m231\u001b[0m:\u001b[93m127\u001b[0m - \u001b[91merror\u001b[0m\u001b[90m TS18047: \u001b[0m'customerLoyalty' is possibly 'null'.\r\n\r\n\u001b[7m231\u001b[0m                  logger.info(`Customer loyalty update - totalSpent: ${customerLoyalty.totalAmountSpent}, availableCashback: ${customerLoyalty.availableCashback}, totalCashbackEarned: ${customerLoyalty.totalCashbackEarned}`);\r\n\u001b[7m   \u001b[0m \u001b[91m                                                                                                                              ~~~~~~~~~~~~~~~\u001b[0m\r\n\u001b[96msrc/services/loyalty/LoyaltyService.ts\u001b[0m:\u001b[93m231\u001b[0m:\u001b[93m186\u001b[0m - \u001b[91merror\u001b[0m\u001b[90m TS18047: \u001b[0m'customerLoyalty' is possibly 'null'.\r\n\r\n\u001b[7m231\u001b[0m                  logger.info(`Customer loyalty update - totalSpent: ${customerLoyalty.totalAmountSpent}, availableCashback: ${customerLoyalty.availableCashback}, totalCashbackEarned: ${customerLoyalty.totalCashbackEarned}`);\r\n\u001b[7m   \u001b[0m \u001b[91m                                                                                                                                                                                         ~~~~~~~~~~~~~~~\u001b[0m\r\n\u001b[96msrc/services/loyalty/LoyaltyService.ts\u001b[0m:\u001b[93m252\u001b[0m:\u001b[93m8\u001b[0m - \u001b[91merror\u001b[0m\u001b[90m TS2304: \u001b[0mCannot find name 'async'.\r\n\r\n\u001b[7m252\u001b[0m        async updateCustomerTier(customerLoyalty: CustomerLoyalty): Promise<void> {\r\n\u001b[7m   \u001b[0m \u001b[91m       ~~~~~\u001b[0m\r\n\u001b[96msrc/services/loyalty/LoyaltyService.ts\u001b[0m:\u001b[93m252\u001b[0m:\u001b[93m14\u001b[0m - \u001b[91merror\u001b[0m\u001b[90m TS2304: \u001b[0mCannot find name 'updateCustomerTier'.\r\n\r\n\u001b[7m252\u001b[0m        async updateCustomerTier(customerLoyalty: CustomerLoyalty): Promise<void> {\r\n\u001b[7m   \u001b[0m \u001b[91m             ~~~~~~~~~~~~~~~~~~\u001b[0m\r\n\u001b[96msrc/services/loyalty/LoyaltyService.ts\u001b[0m:\u001b[93m252\u001b[0m:\u001b[93m33\u001b[0m - \u001b[91merror\u001b[0m\u001b[90m TS2552: \u001b[0mCannot find name 'customerLoyalty'. Did you mean 'CustomerLoyalty'?\r\n\r\n\u001b[7m252\u001b[0m        async updateCustomerTier(customerLoyalty: CustomerLoyalty): Promise<void> {\r\n\u001b[7m   \u001b[0m \u001b[91m                                ~~~~~~~~~~~~~~~\u001b[0m\r\n\u001b[96msrc/services/loyalty/LoyaltyService.ts\u001b[0m:\u001b[93m252\u001b[0m:\u001b[93m68\u001b[0m - \u001b[91merror\u001b[0m\u001b[90m TS2365: \u001b[0mOperator '>' cannot be applied to types 'boolean' and '{ const: number; let: any; newTier: LoyaltyTier; tierBenefits: {}; for(: any, tier: any, of: any, tiers: any): any; \"\": any; }'.\r\n\r\n\u001b[7m252\u001b[0m        async updateCustomerTier(customerLoyalty: CustomerLoyalty): Promise<void> {\r\n\u001b[7m   \u001b[0m \u001b[91m                                                                   ~~~~~~~~~~~~~~~\u001b[0m\r\n\u001b[7m253\u001b[0m         const tiers = [\r\n\u001b[7m   \u001b[0m \u001b[91m~~~~~~~~~~~~~~~~~~~~~~~\u001b[0m\r\n\u001b[7m...\u001b[0m \r\n\u001b[7m265\u001b[0m         // Find the highest tier customer qualifies for\r\n\u001b[7m   \u001b[0m \u001b[91m~~~~~~~~~~~~~~~~~~~~~~~~~~~~~~~~~~~~~~~~~~~~~~~~~~~~~~~\u001b[0m\r\n\u001b[7m266\u001b[0m         for (const tier of tiers.reverse()) {\r\n\u001b[7m   \u001b[0m \u001b[91m~~~~~~~~~~~~~~~~~~~~~~~~~~~~~~~~~~~~~~~~~~~\u001b[0m\r\n\u001b[96msrc/services/loyalty/LoyaltyService.ts\u001b[0m:\u001b[93m252\u001b[0m:\u001b[93m76\u001b[0m - \u001b[91merror\u001b[0m\u001b[90m TS2532: \u001b[0mObject is possibly 'undefined'.\r\n\r\n\u001b[7m252\u001b[0m        async updateCustomerTier(customerLoyalty: CustomerLoyalty): Promise<void> {\r\n\u001b[7m   \u001b[0m \u001b[91m                                                                           ~~~~\u001b[0m\r\n\u001b[96msrc/services/loyalty/LoyaltyService.ts\u001b[0m:\u001b[93m253\u001b[0m:\u001b[93m15\u001b[0m - \u001b[91merror\u001b[0m\u001b[90m TS2304: \u001b[0mCannot find name 'tiers'.\r\n\r\n\u001b[7m253\u001b[0m         const tiers = [\r\n\u001b[7m   \u001b[0m \u001b[91m              ~~~~~\u001b[0m\r\n\u001b[96msrc/services/loyalty/LoyaltyService.ts\u001b[0m:\u001b[93m259\u001b[0m:\u001b[93m9\u001b[0m - \u001b[91merror\u001b[0m\u001b[90m TS18004: \u001b[0mNo value exists in scope for the shorthand property 'let'. Either declare one or provide an initializer.\r\n\r\n\u001b[7m259\u001b[0m         let newTier = LoyaltyTier.BRONZE;\r\n\u001b[7m   \u001b[0m \u001b[91m        ~~~\u001b[0m\r\n\u001b[96msrc/services/loyalty/LoyaltyService.ts\u001b[0m:\u001b[93m260\u001b[0m:\u001b[93m9\u001b[0m - \u001b[91merror\u001b[0m\u001b[90m TS18004: \u001b[0mNo value exists in scope for the shorthand property 'let'. Either declare one or provide an initializer.\r\n\r\n\u001b[7m260\u001b[0m         let tierBenefits = {};\r\n\u001b[7m   \u001b[0m \u001b[91m        ~~~\u001b[0m\r\n\u001b[96msrc/services/loyalty/LoyaltyService.ts\u001b[0m:\u001b[93m263\u001b[0m:\u001b[93m15\u001b[0m - \u001b[91merror\u001b[0m\u001b[90m TS2304: \u001b[0mCannot find name 'totalSpent'.\r\n\r\n\u001b[7m263\u001b[0m         const totalSpent = this.safeNumber(customerLoyalty.totalAmountSpent);\r\n\u001b[7m   \u001b[0m \u001b[91m              ~~~~~~~~~~\u001b[0m\r\n\u001b[96msrc/services/loyalty/LoyaltyService.ts\u001b[0m:\u001b[93m263\u001b[0m:\u001b[93m44\u001b[0m - \u001b[91merror\u001b[0m\u001b[90m TS2552: \u001b[0mCannot find name 'customerLoyalty'. Did you mean 'CustomerLoyalty'?\r\n\r\n\u001b[7m263\u001b[0m         const totalSpent = this.safeNumber(customerLoyalty.totalAmountSpent);\r\n\u001b[7m   \u001b[0m \u001b[91m                                           ~~~~~~~~~~~~~~~\u001b[0m\r\n\u001b[96msrc/services/loyalty/LoyaltyService.ts\u001b[0m:\u001b[93m266\u001b[0m:\u001b[93m14\u001b[0m - \u001b[91merror\u001b[0m\u001b[90m TS7006: \u001b[0mParameter '(Missing)' implicitly has an 'any' type.\r\n\r\n\u001b[7m266\u001b[0m         for (const tier of tiers.reverse()) {\r\n\u001b[7m   \u001b[0m \u001b[91m             ~~~~~\u001b[0m\r\n\u001b[96msrc/services/loyalty/LoyaltyService.ts\u001b[0m:\u001b[93m266\u001b[0m:\u001b[93m20\u001b[0m - \u001b[91merror\u001b[0m\u001b[90m TS7006: \u001b[0mParameter 'tier' implicitly has an 'any' type.\r\n\r\n\u001b[7m266\u001b[0m         for (const tier of tiers.reverse()) {\r\n\u001b[7m   \u001b[0m \u001b[91m                   ~~~~\u001b[0m\r\n\u001b[96msrc/services/loyalty/LoyaltyService.ts\u001b[0m:\u001b[93m266\u001b[0m:\u001b[93m25\u001b[0m - \u001b[91merror\u001b[0m\u001b[90m TS7006: \u001b[0mParameter 'of' implicitly has an 'any' type.\r\n\r\n\u001b[7m266\u001b[0m         for (const tier of tiers.reverse()) {\r\n\u001b[7m   \u001b[0m \u001b[91m                        ~~\u001b[0m\r\n\u001b[96msrc/services/loyalty/LoyaltyService.ts\u001b[0m:\u001b[93m266\u001b[0m:\u001b[93m28\u001b[0m - \u001b[91merror\u001b[0m\u001b[90m TS7006: \u001b[0mParameter 'tiers' implicitly has an 'any' type.\r\n\r\n\u001b[7m266\u001b[0m         for (const tier of tiers.reverse()) {\r\n\u001b[7m   \u001b[0m \u001b[91m                           ~~~~~\u001b[0m\r\n\u001b[96msrc/services/loyalty/LoyaltyService.ts\u001b[0m:\u001b[93m267\u001b[0m:\u001b[93m17\u001b[0m - \u001b[91merror\u001b[0m\u001b[90m TS2304: \u001b[0mCannot find name 'totalSpent'.\r\n\r\n\u001b[7m267\u001b[0m             if (totalSpent >= tier.threshold) {\r\n\u001b[7m   \u001b[0m \u001b[91m                ~~~~~~~~~~\u001b[0m\r\n\u001b[96msrc/services/loyalty/LoyaltyService.ts\u001b[0m:\u001b[93m267\u001b[0m:\u001b[93m31\u001b[0m - \u001b[91merror\u001b[0m\u001b[90m TS2304: \u001b[0mCannot find name 'tier'.\r\n\r\n\u001b[7m267\u001b[0m             if (totalSpent >= tier.threshold) {\r\n\u001b[7m   \u001b[0m \u001b[91m                              ~~~~\u001b[0m\r\n\u001b[96msrc/services/loyalty/LoyaltyService.ts\u001b[0m:\u001b[93m268\u001b[0m:\u001b[93m17\u001b[0m - \u001b[91merror\u001b[0m\u001b[90m TS2304: \u001b[0mCannot find name 'newTier'.\r\n\r\n\u001b[7m268\u001b[0m                 newTier = tier.tier;\r\n\u001b[7m   \u001b[0m \u001b[91m                ~~~~~~~\u001b[0m\r\n\u001b[96msrc/services/loyalty/LoyaltyService.ts\u001b[0m:\u001b[93m268\u001b[0m:\u001b[93m27\u001b[0m - \u001b[91merror\u001b[0m\u001b[90m TS2304: \u001b[0mCannot find name 'tier'.\r\n\r\n\u001b[7m268\u001b[0m                 newTier = tier.tier;\r\n\u001b[7m   \u001b[0m \u001b[91m                          ~~~~\u001b[0m\r\n\u001b[96msrc/services/loyalty/LoyaltyService.ts\u001b[0m:\u001b[93m269\u001b[0m:\u001b[93m17\u001b[0m - \u001b[91merror\u001b[0m\u001b[90m TS2304: \u001b[0mCannot find name 'tierBenefits'.\r\n\r\n\u001b[7m269\u001b[0m                 tierBenefits = tier.benefits;\r\n\u001b[7m   \u001b[0m \u001b[91m                ~~~~~~~~~~~~\u001b[0m\r\n\u001b[96msrc/services/loyalty/LoyaltyService.ts\u001b[0m:\u001b[93m269\u001b[0m:\u001b[93m32\u001b[0m - \u001b[91merror\u001b[0m\u001b[90m TS2304: \u001b[0mCannot find name 'tier'.\r\n\r\n\u001b[7m269\u001b[0m                 tierBenefits = tier.benefits;\r\n\u001b[7m   \u001b[0m \u001b[91m                               ~~~~\u001b[0m\r\n\u001b[96msrc/services/loyalty/LoyaltyService.ts\u001b[0m:\u001b[93m274\u001b[0m:\u001b[93m13\u001b[0m - \u001b[91merror\u001b[0m\u001b[90m TS2304: \u001b[0mCannot find name 'newTier'.\r\n\r\n\u001b[7m274\u001b[0m         if (newTier !== customerLoyalty.currentTier) {\r\n\u001b[7m   \u001b[0m \u001b[91m            ~~~~~~~\u001b[0m\r\n\u001b[96msrc/services/loyalty/LoyaltyService.ts\u001b[0m:\u001b[93m274\u001b[0m:\u001b[93m25\u001b[0m - \u001b[91merror\u001b[0m\u001b[90m TS2304: \u001b[0mCannot find name 'customerLoyalty'.\r\n\r\n\u001b[7m274\u001b[0m         if (newTier !== customerLoyalty.currentTier) {\r\n\u001b[7m   \u001b[0m \u001b[91m                        ~~~~~~~~~~~~~~~\u001b[0m\r\n\u001b[96msrc/services/loyalty/LoyaltyService.ts\u001b[0m:\u001b[93m275\u001b[0m:\u001b[93m13\u001b[0m - \u001b[91merror\u001b[0m\u001b[90m TS2304: \u001b[0mCannot find name 'customerLoyalty'.\r\n\r\n\u001b[7m275\u001b[0m             customerLoyalty.currentTier = newTier;\r\n\u001b[7m   \u001b[0m \u001b[91m            ~~~~~~~~~~~~~~~\u001b[0m\r\n\u001b[96msrc/services/loyalty/LoyaltyService.ts\u001b[0m:\u001b[93m275\u001b[0m:\u001b[93m43\u001b[0m - \u001b[91merror\u001b[0m\u001b[90m TS2304: \u001b[0mCannot find name 'newTier'.\r\n\r\n\u001b[7m275\u001b[0m             customerLoyalty.currentTier = newTier;\r\n\u001b[7m   \u001b[0m \u001b[91m                                          ~~~~~~~\u001b[0m\r\n\u001b[96msrc/services/loyalty/LoyaltyService.ts\u001b[0m:\u001b[93m276\u001b[0m:\u001b[93m13\u001b[0m - \u001b[91merror\u001b[0m\u001b[90m TS2304: \u001b[0mCannot find name 'customerLoyalty'.\r\n\r\n\u001b[7m276\u001b[0m             customerLoyalty.tierBenefits = tierBenefits;\r\n\u001b[7m   \u001b[0m \u001b[91m            ~~~~~~~~~~~~~~~\u001b[0m\r\n\u001b[96msrc/services/loyalty/LoyaltyService.ts\u001b[0m:\u001b[93m276\u001b[0m:\u001b[93m44\u001b[0m - \u001b[91merror\u001b[0m\u001b[90m TS2304: \u001b[0mCannot find name 'tierBenefits'.\r\n\r\n\u001b[7m276\u001b[0m             customerLoyalty.tierBenefits = tierBenefits;\r\n\u001b[7m   \u001b[0m \u001b[91m                                           ~~~~~~~~~~~~\u001b[0m\r\n\u001b[96msrc/services/loyalty/LoyaltyService.ts\u001b[0m:\u001b[93m277\u001b[0m:\u001b[93m13\u001b[0m - \u001b[91merror\u001b[0m\u001b[90m TS2304: \u001b[0mCannot find name 'customerLoyalty'.\r\n\r\n\u001b[7m277\u001b[0m             customerLoyalty.tierExpiryDate = new Date();\r\n\u001b[7m   \u001b[0m \u001b[91m            ~~~~~~~~~~~~~~~\u001b[0m\r\n\u001b[96msrc/services/loyalty/LoyaltyService.ts\u001b[0m:\u001b[93m278\u001b[0m:\u001b[93m13\u001b[0m - \u001b[91merror\u001b[0m\u001b[90m TS2304: \u001b[0mCannot find name 'customerLoyalty'.\r\n\r\n\u001b[7m278\u001b[0m             customerLoyalty.tierExpiryDate.setFullYear(customerLoyalty.tierExpiryDate.getFullYear() + 1);\r\n\u001b[7m   \u001b[0m \u001b[91m            ~~~~~~~~~~~~~~~\u001b[0m\r\n\u001b[96msrc/services/loyalty/LoyaltyService.ts\u001b[0m:\u001b[93m278\u001b[0m:\u001b[93m56\u001b[0m - \u001b[91merror\u001b[0m\u001b[90m TS2304: \u001b[0mCannot find name 'customerLoyalty'.\r\n\r\n\u001b[7m278\u001b[0m             customerLoyalty.tierExpiryDate.setFullYear(customerLoyalty.tierExpiryDate.getFullYear() + 1);\r\n\u001b[7m   \u001b[0m \u001b[91m                                                       ~~~~~~~~~~~~~~~\u001b[0m\r\n\u001b[96msrc/services/loyalty/LoyaltyService.ts\u001b[0m:\u001b[93m243\u001b[0m:\u001b[93m11\u001b[0m - \u001b[91merror\u001b[0m\u001b[90m TS1005: \u001b[0m'try' expected.\r\n\r\n\u001b[7m243\u001b[0m         } catch (error) {\r\n\u001b[7m   \u001b[0m \u001b[91m          ~~~~~\u001b[0m\r\n\u001b[96msrc/services/loyalty/LoyaltyService.ts\u001b[0m:\u001b[93m252\u001b[0m:\u001b[93m8\u001b[0m - \u001b[91merror\u001b[0m\u001b[90m TS1472: \u001b[0m'catch' or 'finally' expected.\r\n\r\n\u001b[7m252\u001b[0m        async updateCustomerTier(customerLoyalty: CustomerLoyalty): Promise<void> {\r\n\u001b[7m   \u001b[0m \u001b[91m       ~~~~~\u001b[0m\r\n\u001b[96msrc/services/loyalty/LoyaltyService.ts\u001b[0m:\u001b[93m252\u001b[0m:\u001b[93m48\u001b[0m - \u001b[91merror\u001b[0m\u001b[90m TS1005: \u001b[0m',' expected.\r\n\r\n\u001b[7m252\u001b[0m        async updateCustomerTier(customerLoyalty: CustomerLoyalty): Promise<void> {\r\n\u001b[7m   \u001b[0m \u001b[91m                                               ~\u001b[0m\r\n\u001b[96msrc/services/loyalty/LoyaltyService.ts\u001b[0m:\u001b[93m252\u001b[0m:\u001b[93m66\u001b[0m - \u001b[91merror\u001b[0m\u001b[90m TS1005: \u001b[0m';' expected.\r\n\r\n\u001b[7m252\u001b[0m        async updateCustomerTier(customerLoyalty: CustomerLoyalty): Promise<void> {\r\n\u001b[7m   \u001b[0m \u001b[91m                                                                 ~\u001b[0m\r\n\u001b[96msrc/services/loyalty/LoyaltyService.ts\u001b[0m:\u001b[93m252\u001b[0m:\u001b[93m80\u001b[0m - \u001b[91merror\u001b[0m\u001b[90m TS1109: \u001b[0mExpression expected.\r\n\r\n\u001b[7m252\u001b[0m        async updateCustomerTier(customerLoyalty: CustomerLoyalty): Promise<void> {\r\n\u001b[7m   \u001b[0m \u001b[91m                                                                               ~\u001b[0m\r\n\u001b[96msrc/services/loyalty/LoyaltyService.ts\u001b[0m:\u001b[93m253\u001b[0m:\u001b[93m15\u001b[0m - \u001b[91merror\u001b[0m\u001b[90m TS1005: \u001b[0m':' expected.\r\n\r\n\u001b[7m253\u001b[0m         const tiers = [\r\n\u001b[7m   \u001b[0m \u001b[91m              ~~~~~\u001b[0m\r\n\u001b[96msrc/services/loyalty/LoyaltyService.ts\u001b[0m:\u001b[93m257\u001b[0m:\u001b[93m10\u001b[0m - \u001b[91merror\u001b[0m\u001b[90m TS1005: \u001b[0m',' expected.\r\n\r\n\u001b[7m257\u001b[0m         ];\r\n\u001b[7m   \u001b[0m \u001b[91m         ~\u001b[0m\r\n\u001b[96msrc/services/loyalty/LoyaltyService.ts\u001b[0m:\u001b[93m259\u001b[0m:\u001b[93m13\u001b[0m - \u001b[91merror\u001b[0m\u001b[90m TS1005: \u001b[0m',' expected.\r\n\r\n\u001b[7m259\u001b[0m         let newTier = LoyaltyTier.BRONZE;\r\n\u001b[7m   \u001b[0m \u001b[91m            ~~~~~~~\u001b[0m\r\n\u001b[96msrc/services/loyalty/LoyaltyService.ts\u001b[0m:\u001b[93m259\u001b[0m:\u001b[93m41\u001b[0m - \u001b[91merror\u001b[0m\u001b[90m TS1005: \u001b[0m',' expected.\r\n\r\n\u001b[7m259\u001b[0m         let newTier = LoyaltyTier.BRONZE;\r\n\u001b[7m   \u001b[0m \u001b[91m                                        ~\u001b[0m\r\n\u001b[96msrc/services/loyalty/LoyaltyService.ts\u001b[0m:\u001b[93m260\u001b[0m:\u001b[93m13\u001b[0m - \u001b[91merror\u001b[0m\u001b[90m TS1005: \u001b[0m',' expected.\r\n\r\n\u001b[7m260\u001b[0m         let tierBenefits = {};\r\n\u001b[7m   \u001b[0m \u001b[91m            ~~~~~~~~~~~~\u001b[0m\r\n\u001b[96msrc/services/loyalty/LoyaltyService.ts\u001b[0m:\u001b[93m260\u001b[0m:\u001b[93m30\u001b[0m - \u001b[91merror\u001b[0m\u001b[90m TS1005: \u001b[0m',' expected.\r\n\r\n\u001b[7m260\u001b[0m         let tierBenefits = {};\r\n\u001b[7m   \u001b[0m \u001b[91m                             ~\u001b[0m\r\n\u001b[96msrc/services/loyalty/LoyaltyService.ts\u001b[0m:\u001b[93m263\u001b[0m:\u001b[93m15\u001b[0m - \u001b[91merror\u001b[0m\u001b[90m TS1005: \u001b[0m':' expected.\r\n\r\n\u001b[7m263\u001b[0m         const totalSpent = this.safeNumber(customerLoyalty.totalAmountSpent);\r\n\u001b[7m   \u001b[0m \u001b[91m              ~~~~~~~~~~\u001b[0m\r\n\u001b[96msrc/services/loyalty/LoyaltyService.ts\u001b[0m:\u001b[93m263\u001b[0m:\u001b[93m77\u001b[0m - \u001b[91merror\u001b[0m\u001b[90m TS1005: \u001b[0m',' expected.\r\n\r\n\u001b[7m263\u001b[0m         const totalSpent = this.safeNumber(customerLoyalty.totalAmountSpent);\r\n\u001b[7m   \u001b[0m \u001b[91m                                                                            ~\u001b[0m\r\n\u001b[96msrc/services/loyalty/LoyaltyService.ts\u001b[0m:\u001b[93m266\u001b[0m:\u001b[93m14\u001b[0m - \u001b[91merror\u001b[0m\u001b[90m TS1359: \u001b[0mIdentifier expected. 'const' is a reserved word that cannot be used here.\r\n\r\n\u001b[7m266\u001b[0m         for (const tier of tiers.reverse()) {\r\n\u001b[7m   \u001b[0m \u001b[91m             ~~~~~\u001b[0m\r\n\u001b[96msrc/services/loyalty/LoyaltyService.ts\u001b[0m:\u001b[93m266\u001b[0m:\u001b[93m20\u001b[0m - \u001b[91merror\u001b[0m\u001b[90m TS1005: \u001b[0m',' expected.\r\n\r\n\u001b[7m266\u001b[0m         for (const tier of tiers.reverse()) {\r\n\u001b[7m   \u001b[0m \u001b[91m                   ~~~~\u001b[0m\r\n\u001b[96msrc/services/loyalty/LoyaltyService.ts\u001b[0m:\u001b[93m266\u001b[0m:\u001b[93m25\u001b[0m - \u001b[91merror\u001b[0m\u001b[90m TS1005: \u001b[0m',' expected.\r\n\r\n\u001b[7m266\u001b[0m         for (const tier of tiers.reverse()) {\r\n\u001b[7m   \u001b[0m \u001b[91m                        ~~\u001b[0m\r\n\u001b[96msrc/services/loyalty/LoyaltyService.ts\u001b[0m:\u001b[93m266\u001b[0m:\u001b[93m28\u001b[0m - \u001b[91merror\u001b[0m\u001b[90m TS1005: \u001b[0m',' expected.\r\n\r\n\u001b[7m266\u001b[0m         for (const tier of tiers.reverse()) {\r\n\u001b[7m   \u001b[0m \u001b[91m                           ~~~~~\u001b[0m\r\n\u001b[96msrc/services/loyalty/LoyaltyService.ts\u001b[0m:\u001b[93m266\u001b[0m:\u001b[93m33\u001b[0m - \u001b[91merror\u001b[0m\u001b[90m TS1005: \u001b[0m',' expected.\r\n\r\n\u001b[7m266\u001b[0m         for (const tier of tiers.reverse()) {\r\n\u001b[7m   \u001b[0m \u001b[91m                                ~\u001b[0m\r\n\u001b[96msrc/services/loyalty/LoyaltyService.ts\u001b[0m:\u001b[93m266\u001b[0m:\u001b[93m43\u001b[0m - \u001b[91merror\u001b[0m\u001b[90m TS1005: \u001b[0m',' expected.\r\n\r\n\u001b[7m266\u001b[0m         for (const tier of tiers.reverse()) {\r\n\u001b[7m   \u001b[0m \u001b[91m                                          ~\u001b[0m\r\n\u001b[96msrc/services/loyalty/LoyaltyService.ts\u001b[0m:\u001b[93m266\u001b[0m:\u001b[93m45\u001b[0m - \u001b[91merror\u001b[0m\u001b[90m TS1136: \u001b[0mProperty assignment expected.\r\n\r\n\u001b[7m266\u001b[0m         for (const tier of tiers.reverse()) {\r\n\u001b[7m   \u001b[0m \u001b[91m                                            ~\u001b[0m\r\n","service":"billing-saas-api","stack":"TSError: ⨯ Unable to compile TypeScript:\n\u001b[96msrc/services/loyalty/LoyaltyService.ts\u001b[0m:\u001b[93m231\u001b[0m:\u001b[93m71\u001b[0m - \u001b[91merror\u001b[0m\u001b[90m TS18047: \u001b[0m'customerLoyalty' is possibly 'null'.\r\n\r\n\u001b[7m231\u001b[0m                  logger.info(`Customer loyalty update - totalSpent: ${customerLoyalty.totalAmountSpent}, availableCashback: ${customerLoyalty.availableCashback}, totalCashbackEarned: ${customerLoyalty.totalCashbackEarned}`);\r\n\u001b[7m   \u001b[0m \u001b[91m                                                                      ~~~~~~~~~~~~~~~\u001b[0m\r\n\u001b[96msrc/services/loyalty/LoyaltyService.ts\u001b[0m:\u001b[93m231\u001b[0m:\u001b[93m127\u001b[0m - \u001b[91merror\u001b[0m\u001b[90m TS18047: \u001b[0m'customerLoyalty' is possibly 'null'.\r\n\r\n\u001b[7m231\u001b[0m                  logger.info(`Customer loyalty update - totalSpent: ${customerLoyalty.totalAmountSpent}, availableCashback: ${customerLoyalty.availableCashback}, totalCashbackEarned: ${customerLoyalty.totalCashbackEarned}`);\r\n\u001b[7m   \u001b[0m \u001b[91m                                                                                                                              ~~~~~~~~~~~~~~~\u001b[0m\r\n\u001b[96msrc/services/loyalty/LoyaltyService.ts\u001b[0m:\u001b[93m231\u001b[0m:\u001b[93m186\u001b[0m - \u001b[91merror\u001b[0m\u001b[90m TS18047: \u001b[0m'customerLoyalty' is possibly 'null'.\r\n\r\n\u001b[7m231\u001b[0m                  logger.info(`Customer loyalty update - totalSpent: ${customerLoyalty.totalAmountSpent}, availableCashback: ${customerLoyalty.availableCashback}, totalCashbackEarned: ${customerLoyalty.totalCashbackEarned}`);\r\n\u001b[7m   \u001b[0m \u001b[91m                                                                                                                                                                                         ~~~~~~~~~~~~~~~\u001b[0m\r\n\u001b[96msrc/services/loyalty/LoyaltyService.ts\u001b[0m:\u001b[93m252\u001b[0m:\u001b[93m8\u001b[0m - \u001b[91merror\u001b[0m\u001b[90m TS2304: \u001b[0mCannot find name 'async'.\r\n\r\n\u001b[7m252\u001b[0m        async updateCustomerTier(customerLoyalty: CustomerLoyalty): Promise<void> {\r\n\u001b[7m   \u001b[0m \u001b[91m       ~~~~~\u001b[0m\r\n\u001b[96msrc/services/loyalty/LoyaltyService.ts\u001b[0m:\u001b[93m252\u001b[0m:\u001b[93m14\u001b[0m - \u001b[91merror\u001b[0m\u001b[90m TS2304: \u001b[0mCannot find name 'updateCustomerTier'.\r\n\r\n\u001b[7m252\u001b[0m        async updateCustomerTier(customerLoyalty: CustomerLoyalty): Promise<void> {\r\n\u001b[7m   \u001b[0m \u001b[91m             ~~~~~~~~~~~~~~~~~~\u001b[0m\r\n\u001b[96msrc/services/loyalty/LoyaltyService.ts\u001b[0m:\u001b[93m252\u001b[0m:\u001b[93m33\u001b[0m - \u001b[91merror\u001b[0m\u001b[90m TS2552: \u001b[0mCannot find name 'customerLoyalty'. Did you mean 'CustomerLoyalty'?\r\n\r\n\u001b[7m252\u001b[0m        async updateCustomerTier(customerLoyalty: CustomerLoyalty): Promise<void> {\r\n\u001b[7m   \u001b[0m \u001b[91m                                ~~~~~~~~~~~~~~~\u001b[0m\r\n\u001b[96msrc/services/loyalty/LoyaltyService.ts\u001b[0m:\u001b[93m252\u001b[0m:\u001b[93m68\u001b[0m - \u001b[91merror\u001b[0m\u001b[90m TS2365: \u001b[0mOperator '>' cannot be applied to types 'boolean' and '{ const: number; let: any; newTier: LoyaltyTier; tierBenefits: {}; for(: any, tier: any, of: any, tiers: any): any; \"\": any; }'.\r\n\r\n\u001b[7m252\u001b[0m        async updateCustomerTier(customerLoyalty: CustomerLoyalty): Promise<void> {\r\n\u001b[7m   \u001b[0m \u001b[91m                                                                   ~~~~~~~~~~~~~~~\u001b[0m\r\n\u001b[7m253\u001b[0m         const tiers = [\r\n\u001b[7m   \u001b[0m \u001b[91m~~~~~~~~~~~~~~~~~~~~~~~\u001b[0m\r\n\u001b[7m...\u001b[0m \r\n\u001b[7m265\u001b[0m         // Find the highest tier customer qualifies for\r\n\u001b[7m   \u001b[0m \u001b[91m~~~~~~~~~~~~~~~~~~~~~~~~~~~~~~~~~~~~~~~~~~~~~~~~~~~~~~~\u001b[0m\r\n\u001b[7m266\u001b[0m         for (const tier of tiers.reverse()) {\r\n\u001b[7m   \u001b[0m \u001b[91m~~~~~~~~~~~~~~~~~~~~~~~~~~~~~~~~~~~~~~~~~~~\u001b[0m\r\n\u001b[96msrc/services/loyalty/LoyaltyService.ts\u001b[0m:\u001b[93m252\u001b[0m:\u001b[93m76\u001b[0m - \u001b[91merror\u001b[0m\u001b[90m TS2532: \u001b[0mObject is possibly 'undefined'.\r\n\r\n\u001b[7m252\u001b[0m        async updateCustomerTier(customerLoyalty: CustomerLoyalty): Promise<void> {\r\n\u001b[7m   \u001b[0m \u001b[91m                                                                           ~~~~\u001b[0m\r\n\u001b[96msrc/services/loyalty/LoyaltyService.ts\u001b[0m:\u001b[93m253\u001b[0m:\u001b[93m15\u001b[0m - \u001b[91merror\u001b[0m\u001b[90m TS2304: \u001b[0mCannot find name 'tiers'.\r\n\r\n\u001b[7m253\u001b[0m         const tiers = [\r\n\u001b[7m   \u001b[0m \u001b[91m              ~~~~~\u001b[0m\r\n\u001b[96msrc/services/loyalty/LoyaltyService.ts\u001b[0m:\u001b[93m259\u001b[0m:\u001b[93m9\u001b[0m - \u001b[91merror\u001b[0m\u001b[90m TS18004: \u001b[0mNo value exists in scope for the shorthand property 'let'. Either declare one or provide an initializer.\r\n\r\n\u001b[7m259\u001b[0m         let newTier = LoyaltyTier.BRONZE;\r\n\u001b[7m   \u001b[0m \u001b[91m        ~~~\u001b[0m\r\n\u001b[96msrc/services/loyalty/LoyaltyService.ts\u001b[0m:\u001b[93m260\u001b[0m:\u001b[93m9\u001b[0m - \u001b[91merror\u001b[0m\u001b[90m TS18004: \u001b[0mNo value exists in scope for the shorthand property 'let'. Either declare one or provide an initializer.\r\n\r\n\u001b[7m260\u001b[0m         let tierBenefits = {};\r\n\u001b[7m   \u001b[0m \u001b[91m        ~~~\u001b[0m\r\n\u001b[96msrc/services/loyalty/LoyaltyService.ts\u001b[0m:\u001b[93m263\u001b[0m:\u001b[93m15\u001b[0m - \u001b[91merror\u001b[0m\u001b[90m TS2304: \u001b[0mCannot find name 'totalSpent'.\r\n\r\n\u001b[7m263\u001b[0m         const totalSpent = this.safeNumber(customerLoyalty.totalAmountSpent);\r\n\u001b[7m   \u001b[0m \u001b[91m              ~~~~~~~~~~\u001b[0m\r\n\u001b[96msrc/services/loyalty/LoyaltyService.ts\u001b[0m:\u001b[93m263\u001b[0m:\u001b[93m44\u001b[0m - \u001b[91merror\u001b[0m\u001b[90m TS2552: \u001b[0mCannot find name 'customerLoyalty'. Did you mean 'CustomerLoyalty'?\r\n\r\n\u001b[7m263\u001b[0m         const totalSpent = this.safeNumber(customerLoyalty.totalAmountSpent);\r\n\u001b[7m   \u001b[0m \u001b[91m                                           ~~~~~~~~~~~~~~~\u001b[0m\r\n\u001b[96msrc/services/loyalty/LoyaltyService.ts\u001b[0m:\u001b[93m266\u001b[0m:\u001b[93m14\u001b[0m - \u001b[91merror\u001b[0m\u001b[90m TS7006: \u001b[0mParameter '(Missing)' implicitly has an 'any' type.\r\n\r\n\u001b[7m266\u001b[0m         for (const tier of tiers.reverse()) {\r\n\u001b[7m   \u001b[0m \u001b[91m             ~~~~~\u001b[0m\r\n\u001b[96msrc/services/loyalty/LoyaltyService.ts\u001b[0m:\u001b[93m266\u001b[0m:\u001b[93m20\u001b[0m - \u001b[91merror\u001b[0m\u001b[90m TS7006: \u001b[0mParameter 'tier' implicitly has an 'any' type.\r\n\r\n\u001b[7m266\u001b[0m         for (const tier of tiers.reverse()) {\r\n\u001b[7m   \u001b[0m \u001b[91m                   ~~~~\u001b[0m\r\n\u001b[96msrc/services/loyalty/LoyaltyService.ts\u001b[0m:\u001b[93m266\u001b[0m:\u001b[93m25\u001b[0m - \u001b[91merror\u001b[0m\u001b[90m TS7006: \u001b[0mParameter 'of' implicitly has an 'any' type.\r\n\r\n\u001b[7m266\u001b[0m         for (const tier of tiers.reverse()) {\r\n\u001b[7m   \u001b[0m \u001b[91m                        ~~\u001b[0m\r\n\u001b[96msrc/services/loyalty/LoyaltyService.ts\u001b[0m:\u001b[93m266\u001b[0m:\u001b[93m28\u001b[0m - \u001b[91merror\u001b[0m\u001b[90m TS7006: \u001b[0mParameter 'tiers' implicitly has an 'any' type.\r\n\r\n\u001b[7m266\u001b[0m         for (const tier of tiers.reverse()) {\r\n\u001b[7m   \u001b[0m \u001b[91m                           ~~~~~\u001b[0m\r\n\u001b[96msrc/services/loyalty/LoyaltyService.ts\u001b[0m:\u001b[93m267\u001b[0m:\u001b[93m17\u001b[0m - \u001b[91merror\u001b[0m\u001b[90m TS2304: \u001b[0mCannot find name 'totalSpent'.\r\n\r\n\u001b[7m267\u001b[0m             if (totalSpent >= tier.threshold) {\r\n\u001b[7m   \u001b[0m \u001b[91m                ~~~~~~~~~~\u001b[0m\r\n\u001b[96msrc/services/loyalty/LoyaltyService.ts\u001b[0m:\u001b[93m267\u001b[0m:\u001b[93m31\u001b[0m - \u001b[91merror\u001b[0m\u001b[90m TS2304: \u001b[0mCannot find name 'tier'.\r\n\r\n\u001b[7m267\u001b[0m             if (totalSpent >= tier.threshold) {\r\n\u001b[7m   \u001b[0m \u001b[91m                              ~~~~\u001b[0m\r\n\u001b[96msrc/services/loyalty/LoyaltyService.ts\u001b[0m:\u001b[93m268\u001b[0m:\u001b[93m17\u001b[0m - \u001b[91merror\u001b[0m\u001b[90m TS2304: \u001b[0mCannot find name 'newTier'.\r\n\r\n\u001b[7m268\u001b[0m                 newTier = tier.tier;\r\n\u001b[7m   \u001b[0m \u001b[91m                ~~~~~~~\u001b[0m\r\n\u001b[96msrc/services/loyalty/LoyaltyService.ts\u001b[0m:\u001b[93m268\u001b[0m:\u001b[93m27\u001b[0m - \u001b[91merror\u001b[0m\u001b[90m TS2304: \u001b[0mCannot find name 'tier'.\r\n\r\n\u001b[7m268\u001b[0m                 newTier = tier.tier;\r\n\u001b[7m   \u001b[0m \u001b[91m                          ~~~~\u001b[0m\r\n\u001b[96msrc/services/loyalty/LoyaltyService.ts\u001b[0m:\u001b[93m269\u001b[0m:\u001b[93m17\u001b[0m - \u001b[91merror\u001b[0m\u001b[90m TS2304: \u001b[0mCannot find name 'tierBenefits'.\r\n\r\n\u001b[7m269\u001b[0m                 tierBenefits = tier.benefits;\r\n\u001b[7m   \u001b[0m \u001b[91m                ~~~~~~~~~~~~\u001b[0m\r\n\u001b[96msrc/services/loyalty/LoyaltyService.ts\u001b[0m:\u001b[93m269\u001b[0m:\u001b[93m32\u001b[0m - \u001b[91merror\u001b[0m\u001b[90m TS2304: \u001b[0mCannot find name 'tier'.\r\n\r\n\u001b[7m269\u001b[0m                 tierBenefits = tier.benefits;\r\n\u001b[7m   \u001b[0m \u001b[91m                               ~~~~\u001b[0m\r\n\u001b[96msrc/services/loyalty/LoyaltyService.ts\u001b[0m:\u001b[93m274\u001b[0m:\u001b[93m13\u001b[0m - \u001b[91merror\u001b[0m\u001b[90m TS2304: \u001b[0mCannot find name 'newTier'.\r\n\r\n\u001b[7m274\u001b[0m         if (newTier !== customerLoyalty.currentTier) {\r\n\u001b[7m   \u001b[0m \u001b[91m            ~~~~~~~\u001b[0m\r\n\u001b[96msrc/services/loyalty/LoyaltyService.ts\u001b[0m:\u001b[93m274\u001b[0m:\u001b[93m25\u001b[0m - \u001b[91merror\u001b[0m\u001b[90m TS2304: \u001b[0mCannot find name 'customerLoyalty'.\r\n\r\n\u001b[7m274\u001b[0m         if (newTier !== customerLoyalty.currentTier) {\r\n\u001b[7m   \u001b[0m \u001b[91m                        ~~~~~~~~~~~~~~~\u001b[0m\r\n\u001b[96msrc/services/loyalty/LoyaltyService.ts\u001b[0m:\u001b[93m275\u001b[0m:\u001b[93m13\u001b[0m - \u001b[91merror\u001b[0m\u001b[90m TS2304: \u001b[0mCannot find name 'customerLoyalty'.\r\n\r\n\u001b[7m275\u001b[0m             customerLoyalty.currentTier = newTier;\r\n\u001b[7m   \u001b[0m \u001b[91m            ~~~~~~~~~~~~~~~\u001b[0m\r\n\u001b[96msrc/services/loyalty/LoyaltyService.ts\u001b[0m:\u001b[93m275\u001b[0m:\u001b[93m43\u001b[0m - \u001b[91merror\u001b[0m\u001b[90m TS2304: \u001b[0mCannot find name 'newTier'.\r\n\r\n\u001b[7m275\u001b[0m             customerLoyalty.currentTier = newTier;\r\n\u001b[7m   \u001b[0m \u001b[91m                                          ~~~~~~~\u001b[0m\r\n\u001b[96msrc/services/loyalty/LoyaltyService.ts\u001b[0m:\u001b[93m276\u001b[0m:\u001b[93m13\u001b[0m - \u001b[91merror\u001b[0m\u001b[90m TS2304: \u001b[0mCannot find name 'customerLoyalty'.\r\n\r\n\u001b[7m276\u001b[0m             customerLoyalty.tierBenefits = tierBenefits;\r\n\u001b[7m   \u001b[0m \u001b[91m            ~~~~~~~~~~~~~~~\u001b[0m\r\n\u001b[96msrc/services/loyalty/LoyaltyService.ts\u001b[0m:\u001b[93m276\u001b[0m:\u001b[93m44\u001b[0m - \u001b[91merror\u001b[0m\u001b[90m TS2304: \u001b[0mCannot find name 'tierBenefits'.\r\n\r\n\u001b[7m276\u001b[0m             customerLoyalty.tierBenefits = tierBenefits;\r\n\u001b[7m   \u001b[0m \u001b[91m                                           ~~~~~~~~~~~~\u001b[0m\r\n\u001b[96msrc/services/loyalty/LoyaltyService.ts\u001b[0m:\u001b[93m277\u001b[0m:\u001b[93m13\u001b[0m - \u001b[91merror\u001b[0m\u001b[90m TS2304: \u001b[0mCannot find name 'customerLoyalty'.\r\n\r\n\u001b[7m277\u001b[0m             customerLoyalty.tierExpiryDate = new Date();\r\n\u001b[7m   \u001b[0m \u001b[91m            ~~~~~~~~~~~~~~~\u001b[0m\r\n\u001b[96msrc/services/loyalty/LoyaltyService.ts\u001b[0m:\u001b[93m278\u001b[0m:\u001b[93m13\u001b[0m - \u001b[91merror\u001b[0m\u001b[90m TS2304: \u001b[0mCannot find name 'customerLoyalty'.\r\n\r\n\u001b[7m278\u001b[0m             customerLoyalty.tierExpiryDate.setFullYear(customerLoyalty.tierExpiryDate.getFullYear() + 1);\r\n\u001b[7m   \u001b[0m \u001b[91m            ~~~~~~~~~~~~~~~\u001b[0m\r\n\u001b[96msrc/services/loyalty/LoyaltyService.ts\u001b[0m:\u001b[93m278\u001b[0m:\u001b[93m56\u001b[0m - \u001b[91merror\u001b[0m\u001b[90m TS2304: \u001b[0mCannot find name 'customerLoyalty'.\r\n\r\n\u001b[7m278\u001b[0m             customerLoyalty.tierExpiryDate.setFullYear(customerLoyalty.tierExpiryDate.getFullYear() + 1);\r\n\u001b[7m   \u001b[0m \u001b[91m                                                       ~~~~~~~~~~~~~~~\u001b[0m\r\n\u001b[96msrc/services/loyalty/LoyaltyService.ts\u001b[0m:\u001b[93m243\u001b[0m:\u001b[93m11\u001b[0m - \u001b[91merror\u001b[0m\u001b[90m TS1005: \u001b[0m'try' expected.\r\n\r\n\u001b[7m243\u001b[0m         } catch (error) {\r\n\u001b[7m   \u001b[0m \u001b[91m          ~~~~~\u001b[0m\r\n\u001b[96msrc/services/loyalty/LoyaltyService.ts\u001b[0m:\u001b[93m252\u001b[0m:\u001b[93m8\u001b[0m - \u001b[91merror\u001b[0m\u001b[90m TS1472: \u001b[0m'catch' or 'finally' expected.\r\n\r\n\u001b[7m252\u001b[0m        async updateCustomerTier(customerLoyalty: CustomerLoyalty): Promise<void> {\r\n\u001b[7m   \u001b[0m \u001b[91m       ~~~~~\u001b[0m\r\n\u001b[96msrc/services/loyalty/LoyaltyService.ts\u001b[0m:\u001b[93m252\u001b[0m:\u001b[93m48\u001b[0m - \u001b[91merror\u001b[0m\u001b[90m TS1005: \u001b[0m',' expected.\r\n\r\n\u001b[7m252\u001b[0m        async updateCustomerTier(customerLoyalty: CustomerLoyalty): Promise<void> {\r\n\u001b[7m   \u001b[0m \u001b[91m                                               ~\u001b[0m\r\n\u001b[96msrc/services/loyalty/LoyaltyService.ts\u001b[0m:\u001b[93m252\u001b[0m:\u001b[93m66\u001b[0m - \u001b[91merror\u001b[0m\u001b[90m TS1005: \u001b[0m';' expected.\r\n\r\n\u001b[7m252\u001b[0m        async updateCustomerTier(customerLoyalty: CustomerLoyalty): Promise<void> {\r\n\u001b[7m   \u001b[0m \u001b[91m                                                                 ~\u001b[0m\r\n\u001b[96msrc/services/loyalty/LoyaltyService.ts\u001b[0m:\u001b[93m252\u001b[0m:\u001b[93m80\u001b[0m - \u001b[91merror\u001b[0m\u001b[90m TS1109: \u001b[0mExpression expected.\r\n\r\n\u001b[7m252\u001b[0m        async updateCustomerTier(customerLoyalty: CustomerLoyalty): Promise<void> {\r\n\u001b[7m   \u001b[0m \u001b[91m                                                                               ~\u001b[0m\r\n\u001b[96msrc/services/loyalty/LoyaltyService.ts\u001b[0m:\u001b[93m253\u001b[0m:\u001b[93m15\u001b[0m - \u001b[91merror\u001b[0m\u001b[90m TS1005: \u001b[0m':' expected.\r\n\r\n\u001b[7m253\u001b[0m         const tiers = [\r\n\u001b[7m   \u001b[0m \u001b[91m              ~~~~~\u001b[0m\r\n\u001b[96msrc/services/loyalty/LoyaltyService.ts\u001b[0m:\u001b[93m257\u001b[0m:\u001b[93m10\u001b[0m - \u001b[91merror\u001b[0m\u001b[90m TS1005: \u001b[0m',' expected.\r\n\r\n\u001b[7m257\u001b[0m         ];\r\n\u001b[7m   \u001b[0m \u001b[91m         ~\u001b[0m\r\n\u001b[96msrc/services/loyalty/LoyaltyService.ts\u001b[0m:\u001b[93m259\u001b[0m:\u001b[93m13\u001b[0m - \u001b[91merror\u001b[0m\u001b[90m TS1005: \u001b[0m',' expected.\r\n\r\n\u001b[7m259\u001b[0m         let newTier = LoyaltyTier.BRONZE;\r\n\u001b[7m   \u001b[0m \u001b[91m            ~~~~~~~\u001b[0m\r\n\u001b[96msrc/services/loyalty/LoyaltyService.ts\u001b[0m:\u001b[93m259\u001b[0m:\u001b[93m41\u001b[0m - \u001b[91merror\u001b[0m\u001b[90m TS1005: \u001b[0m',' expected.\r\n\r\n\u001b[7m259\u001b[0m         let newTier = LoyaltyTier.BRONZE;\r\n\u001b[7m   \u001b[0m \u001b[91m                                        ~\u001b[0m\r\n\u001b[96msrc/services/loyalty/LoyaltyService.ts\u001b[0m:\u001b[93m260\u001b[0m:\u001b[93m13\u001b[0m - \u001b[91merror\u001b[0m\u001b[90m TS1005: \u001b[0m',' expected.\r\n\r\n\u001b[7m260\u001b[0m         let tierBenefits = {};\r\n\u001b[7m   \u001b[0m \u001b[91m            ~~~~~~~~~~~~\u001b[0m\r\n\u001b[96msrc/services/loyalty/LoyaltyService.ts\u001b[0m:\u001b[93m260\u001b[0m:\u001b[93m30\u001b[0m - \u001b[91merror\u001b[0m\u001b[90m TS1005: \u001b[0m',' expected.\r\n\r\n\u001b[7m260\u001b[0m         let tierBenefits = {};\r\n\u001b[7m   \u001b[0m \u001b[91m                             ~\u001b[0m\r\n\u001b[96msrc/services/loyalty/LoyaltyService.ts\u001b[0m:\u001b[93m263\u001b[0m:\u001b[93m15\u001b[0m - \u001b[91merror\u001b[0m\u001b[90m TS1005: \u001b[0m':' expected.\r\n\r\n\u001b[7m263\u001b[0m         const totalSpent = this.safeNumber(customerLoyalty.totalAmountSpent);\r\n\u001b[7m   \u001b[0m \u001b[91m              ~~~~~~~~~~\u001b[0m\r\n\u001b[96msrc/services/loyalty/LoyaltyService.ts\u001b[0m:\u001b[93m263\u001b[0m:\u001b[93m77\u001b[0m - \u001b[91merror\u001b[0m\u001b[90m TS1005: \u001b[0m',' expected.\r\n\r\n\u001b[7m263\u001b[0m         const totalSpent = this.safeNumber(customerLoyalty.totalAmountSpent);\r\n\u001b[7m   \u001b[0m \u001b[91m                                                                            ~\u001b[0m\r\n\u001b[96msrc/services/loyalty/LoyaltyService.ts\u001b[0m:\u001b[93m266\u001b[0m:\u001b[93m14\u001b[0m - \u001b[91merror\u001b[0m\u001b[90m TS1359: \u001b[0mIdentifier expected. 'const' is a reserved word that cannot be used here.\r\n\r\n\u001b[7m266\u001b[0m         for (const tier of tiers.reverse()) {\r\n\u001b[7m   \u001b[0m \u001b[91m             ~~~~~\u001b[0m\r\n\u001b[96msrc/services/loyalty/LoyaltyService.ts\u001b[0m:\u001b[93m266\u001b[0m:\u001b[93m20\u001b[0m - \u001b[91merror\u001b[0m\u001b[90m TS1005: \u001b[0m',' expected.\r\n\r\n\u001b[7m266\u001b[0m         for (const tier of tiers.reverse()) {\r\n\u001b[7m   \u001b[0m \u001b[91m                   ~~~~\u001b[0m\r\n\u001b[96msrc/services/loyalty/LoyaltyService.ts\u001b[0m:\u001b[93m266\u001b[0m:\u001b[93m25\u001b[0m - \u001b[91merror\u001b[0m\u001b[90m TS1005: \u001b[0m',' expected.\r\n\r\n\u001b[7m266\u001b[0m         for (const tier of tiers.reverse()) {\r\n\u001b[7m   \u001b[0m \u001b[91m                        ~~\u001b[0m\r\n\u001b[96msrc/services/loyalty/LoyaltyService.ts\u001b[0m:\u001b[93m266\u001b[0m:\u001b[93m28\u001b[0m - \u001b[91merror\u001b[0m\u001b[90m TS1005: \u001b[0m',' expected.\r\n\r\n\u001b[7m266\u001b[0m         for (const tier of tiers.reverse()) {\r\n\u001b[7m   \u001b[0m \u001b[91m                           ~~~~~\u001b[0m\r\n\u001b[96msrc/services/loyalty/LoyaltyService.ts\u001b[0m:\u001b[93m266\u001b[0m:\u001b[93m33\u001b[0m - \u001b[91merror\u001b[0m\u001b[90m TS1005: \u001b[0m',' expected.\r\n\r\n\u001b[7m266\u001b[0m         for (const tier of tiers.reverse()) {\r\n\u001b[7m   \u001b[0m \u001b[91m                                ~\u001b[0m\r\n\u001b[96msrc/services/loyalty/LoyaltyService.ts\u001b[0m:\u001b[93m266\u001b[0m:\u001b[93m43\u001b[0m - \u001b[91merror\u001b[0m\u001b[90m TS1005: \u001b[0m',' expected.\r\n\r\n\u001b[7m266\u001b[0m         for (const tier of tiers.reverse()) {\r\n\u001b[7m   \u001b[0m \u001b[91m                                          ~\u001b[0m\r\n\u001b[96msrc/services/loyalty/LoyaltyService.ts\u001b[0m:\u001b[93m266\u001b[0m:\u001b[93m45\u001b[0m - \u001b[91merror\u001b[0m\u001b[90m TS1136: \u001b[0mProperty assignment expected.\r\n\r\n\u001b[7m266\u001b[0m         for (const tier of tiers.reverse()) {\r\n\u001b[7m   \u001b[0m \u001b[91m                                            ~\u001b[0m\r\n\n    at createTSError (E:\\BillingSoftware\\node_modules\\ts-node\\src\\index.ts:859:12)\n    at reportTSError (E:\\BillingSoftware\\node_modules\\ts-node\\src\\index.ts:863:19)\n    at getOutput (E:\\BillingSoftware\\node_modules\\ts-node\\src\\index.ts:1077:36)\n    at Object.compile (E:\\BillingSoftware\\node_modules\\ts-node\\src\\index.ts:1433:41)\n    at Module.m._compile (E:\\BillingSoftware\\node_modules\\ts-node\\src\\index.ts:1617:30)\n    at node:internal/modules/cjs/loader:1895:10\n    at Object.require.extensions.<computed> [as .ts] (E:\\BillingSoftware\\node_modules\\ts-node\\src\\index.ts:1621:12)\n    at Module.load (node:internal/modules/cjs/loader:1465:32)\n    at Function._load (node:internal/modules/cjs/loader:1282:12)\n    at TracingChannel.traceSync (node:diagnostics_channel:322:14)","timestamp":"2025-11-27 11:46:27:4627"}
{"level":"info","message":"✅ Redis connected","service":"billing-saas-api","timestamp":"2025-11-27 11:46:27:4627"}
{"level":"info","message":"✅ Redis connected","service":"billing-saas-api","timestamp":"2025-11-27 11:48:24:4824"}
{"level":"info","message":"✅ Database connection established","service":"billing-saas-api","timestamp":"2025-11-27 11:48:24:4824"}
{"level":"info","message":"Database connected successfully","service":"billing-saas-api","timestamp":"2025-11-27 11:48:24:4824"}
{"level":"info","message":"Server running on port 3001 in development mode","service":"billing-saas-api","timestamp":"2025-11-27 11:48:24:4824"}
{"level":"info","message":"🧹 Cleared 1 cache keys matching invoices:221ccd12-e9b2-4f39-9cfe-81bdbed59edc:*","service":"billing-saas-api","timestamp":"2025-11-27 11:59:49:5949"}
{"level":"info","message":"🧹 Cleared 1 cache keys matching cache:221ccd12-e9b2-4f39-9cfe-81bdbed59edc:/api/invoices*","service":"billing-saas-api","timestamp":"2025-11-27 11:59:49:5949"}
{"level":"info","message":"🧹 Cleared 3 cache keys matching *Invoice*221ccd12-e9b2-4f39-9cfe-81bdbed59edc*","service":"billing-saas-api","timestamp":"2025-11-27 11:59:49:5949"}
{"level":"info","message":"Processing loyalty for invoice: 80727f3e-9dfa-436a-b984-37779c51975d, totalAmount: 15750.00, type: string","service":"billing-saas-api","timestamp":"2025-11-27 11:59:49:5949"}
{"level":"info","message":"Cashback calculation: amount=10000, percentage=5.00, cashback=500","service":"billing-saas-api","timestamp":"2025-11-27 11:59:49:5949"}
{"level":"info","message":"Processed cashback of ₹500 for customer 047f643f-6c30-463c-b2dd-3bf35ac8066d","service":"billing-saas-api","timestamp":"2025-11-27 11:59:49:5949"}
{"id":"80727f3e-9dfa-436a-b984-37779c51975d","level":"info","message":"Invoice updated in 180ms","service":"billing-saas-api","tenantId":"221ccd12-e9b2-4f39-9cfe-81bdbed59edc","timestamp":"2025-11-27 11:59:49:5949"}
{"level":"info","message":"Processing loyalty for invoice: 80727f3e-9dfa-436a-b984-37779c51975d, totalAmount: 15750.00, type: string","service":"billing-saas-api","timestamp":"2025-11-27 11:59:51:5951"}
{"level":"info","message":"Cashback calculation: amount=10000, percentage=5.00, cashback=500","service":"billing-saas-api","timestamp":"2025-11-27 11:59:51:5951"}
{"level":"info","message":"Processed cashback of ₹500 for customer 047f643f-6c30-463c-b2dd-3bf35ac8066d","service":"billing-saas-api","timestamp":"2025-11-27 11:59:51:5951"}
{"level":"info","message":"Loyalty processing completed for invoice: 80727f3e-9dfa-436a-b984-37779c51975d","service":"billing-saas-api","timestamp":"2025-11-27 11:59:51:5951"}
{"level":"info","message":"✅ Redis connected","service":"billing-saas-api","timestamp":"2025-11-27 12:05:56:556"}
{"level":"info","message":"✅ Database connection established","service":"billing-saas-api","timestamp":"2025-11-27 12:05:57:557"}
{"level":"info","message":"Database connected successfully","service":"billing-saas-api","timestamp":"2025-11-27 12:05:57:557"}
{"level":"info","message":"Server running on port 3001 in development mode","service":"billing-saas-api","timestamp":"2025-11-27 12:05:57:557"}
{"level":"info","message":"✅ Redis connected","service":"billing-saas-api","timestamp":"2025-11-27 12:07:16:716"}
{"level":"info","message":"✅ Database connection established","service":"billing-saas-api","timestamp":"2025-11-27 12:07:17:717"}
{"level":"info","message":"Database connected successfully","service":"billing-saas-api","timestamp":"2025-11-27 12:07:17:717"}
{"level":"info","message":"Server running on port 3001 in development mode","service":"billing-saas-api","timestamp":"2025-11-27 12:07:17:717"}
{"level":"info","message":"🧹 Cleared 2 cache keys matching invoices:221ccd12-e9b2-4f39-9cfe-81bdbed59edc:*","service":"billing-saas-api","timestamp":"2025-11-27 12:08:48:848"}
{"level":"info","message":"🧹 Cleared 1 cache keys matching cache:221ccd12-e9b2-4f39-9cfe-81bdbed59edc:/api/invoices*","service":"billing-saas-api","timestamp":"2025-11-27 12:08:48:848"}
{"level":"info","message":"🧹 Cleared 5 cache keys matching *Invoice*221ccd12-e9b2-4f39-9cfe-81bdbed59edc*","service":"billing-saas-api","timestamp":"2025-11-27 12:08:48:848"}
{"level":"info","message":"Processing loyalty for invoice: 80727f3e-9dfa-436a-b984-37779c51975d, totalAmount: 15750.00, type: string","service":"billing-saas-api","timestamp":"2025-11-27 12:08:48:848"}
{"level":"info","message":"Cashback calculation: amount=10000, percentage=5.00, cashback=500","service":"billing-saas-api","timestamp":"2025-11-27 12:08:48:848"}
{"level":"info","message":"Processed cashback of ₹500 for customer 047f643f-6c30-463c-b2dd-3bf35ac8066d","service":"billing-saas-api","timestamp":"2025-11-27 12:08:48:848"}
{"id":"80727f3e-9dfa-436a-b984-37779c51975d","level":"info","message":"Invoice updated in 217ms","service":"billing-saas-api","tenantId":"221ccd12-e9b2-4f39-9cfe-81bdbed59edc","timestamp":"2025-11-27 12:08:48:848"}
{"level":"info","message":"Processing loyalty for invoice: 80727f3e-9dfa-436a-b984-37779c51975d, totalAmount: 15750.00, type: string","service":"billing-saas-api","timestamp":"2025-11-27 12:08:50:850"}
{"level":"info","message":"Cashback calculation: amount=10000, percentage=5.00, cashback=500","service":"billing-saas-api","timestamp":"2025-11-27 12:08:50:850"}
{"level":"info","message":"Processed cashback of ₹500 for customer 047f643f-6c30-463c-b2dd-3bf35ac8066d","service":"billing-saas-api","timestamp":"2025-11-27 12:08:50:850"}
{"level":"info","message":"Loyalty processing completed for invoice: 80727f3e-9dfa-436a-b984-37779c51975d","service":"billing-saas-api","timestamp":"2025-11-27 12:08:50:850"}
{"level":"info","message":"🧹 Cleared 1 cache keys matching cache:221ccd12-e9b2-4f39-9cfe-81bdbed59edc:/api/invoices*","service":"billing-saas-api","timestamp":"2025-11-27 12:10:07:107"}
{"level":"info","message":"Processing loyalty for invoice: 80727f3e-9dfa-436a-b984-37779c51975d, totalAmount: 15750.00, type: string","service":"billing-saas-api","timestamp":"2025-11-27 12:10:07:107"}
{"level":"info","message":"Cashback calculation: amount=10000, percentage=5.00, cashback=500","service":"billing-saas-api","timestamp":"2025-11-27 12:10:07:107"}
{"level":"info","message":"Processed cashback of ₹500 for customer 047f643f-6c30-463c-b2dd-3bf35ac8066d","service":"billing-saas-api","timestamp":"2025-11-27 12:10:07:107"}
{"id":"80727f3e-9dfa-436a-b984-37779c51975d","level":"info","message":"Invoice updated in 196ms","service":"billing-saas-api","tenantId":"221ccd12-e9b2-4f39-9cfe-81bdbed59edc","timestamp":"2025-11-27 12:10:07:107"}
{"level":"info","message":"Processing loyalty for invoice: 80727f3e-9dfa-436a-b984-37779c51975d, totalAmount: 15750.00, type: string","service":"billing-saas-api","timestamp":"2025-11-27 12:10:09:109"}
{"level":"info","message":"Cashback calculation: amount=10000, percentage=5.00, cashback=500","service":"billing-saas-api","timestamp":"2025-11-27 12:10:09:109"}
{"level":"info","message":"Processed cashback of ₹500 for customer 047f643f-6c30-463c-b2dd-3bf35ac8066d","service":"billing-saas-api","timestamp":"2025-11-27 12:10:09:109"}
{"level":"info","message":"Loyalty processing completed for invoice: 80727f3e-9dfa-436a-b984-37779c51975d","service":"billing-saas-api","timestamp":"2025-11-27 12:10:09:109"}
{"level":"info","message":"✅ Redis connected","service":"billing-saas-api","timestamp":"2025-11-27 12:13:31:1331"}
{"level":"info","message":"✅ Database connection established","service":"billing-saas-api","timestamp":"2025-11-27 12:13:31:1331"}
{"level":"info","message":"Database connected successfully","service":"billing-saas-api","timestamp":"2025-11-27 12:13:31:1331"}
{"level":"info","message":"Server running on port 3001 in development mode","service":"billing-saas-api","timestamp":"2025-11-27 12:13:31:1331"}
{"level":"info","message":"🧹 Cleared 1 cache keys matching invoices:221ccd12-e9b2-4f39-9cfe-81bdbed59edc:*","service":"billing-saas-api","timestamp":"2025-11-27 12:13:50:1350"}
{"level":"info","message":"🧹 Cleared 1 cache keys matching cache:221ccd12-e9b2-4f39-9cfe-81bdbed59edc:/api/invoices*","service":"billing-saas-api","timestamp":"2025-11-27 12:13:50:1350"}
{"level":"info","message":"🧹 Cleared 3 cache keys matching *Invoice*221ccd12-e9b2-4f39-9cfe-81bdbed59edc*","service":"billing-saas-api","timestamp":"2025-11-27 12:13:50:1350"}
{"level":"info","message":"Processing loyalty for invoice: 80727f3e-9dfa-436a-b984-37779c51975d, totalAmount: 15750.00, type: string","service":"billing-saas-api","timestamp":"2025-11-27 12:13:50:1350"}
{"level":"info","message":"Cashback calculation: amount=10000, percentage=5.00, cashback=500","service":"billing-saas-api","timestamp":"2025-11-27 12:13:50:1350"}
{"level":"info","message":"Processed cashback of ₹500 for customer 047f643f-6c30-463c-b2dd-3bf35ac8066d","service":"billing-saas-api","timestamp":"2025-11-27 12:13:50:1350"}
{"id":"80727f3e-9dfa-436a-b984-37779c51975d","level":"info","message":"Invoice updated in 220ms","service":"billing-saas-api","tenantId":"221ccd12-e9b2-4f39-9cfe-81bdbed59edc","timestamp":"2025-11-27 12:13:50:1350"}
{"level":"info","message":"Processing loyalty for invoice: 80727f3e-9dfa-436a-b984-37779c51975d, totalAmount: 15750.00, type: string","service":"billing-saas-api","timestamp":"2025-11-27 12:13:52:1352"}
{"level":"info","message":"Cashback calculation: amount=10000, percentage=5.00, cashback=500","service":"billing-saas-api","timestamp":"2025-11-27 12:13:52:1352"}
{"level":"info","message":"Processed cashback of ₹500 for customer 047f643f-6c30-463c-b2dd-3bf35ac8066d","service":"billing-saas-api","timestamp":"2025-11-27 12:13:52:1352"}
{"level":"info","message":"Loyalty processing completed for invoice: 80727f3e-9dfa-436a-b984-37779c51975d","service":"billing-saas-api","timestamp":"2025-11-27 12:13:52:1352"}
{"level":"info","message":"✅ Redis connected","service":"billing-saas-api","timestamp":"2025-11-27 12:21:50:2150"}
{"level":"info","message":"✅ Database connection established","service":"billing-saas-api","timestamp":"2025-11-27 12:21:51:2151"}
{"level":"info","message":"Database connected successfully","service":"billing-saas-api","timestamp":"2025-11-27 12:21:51:2151"}
{"level":"info","message":"Server running on port 3001 in development mode","service":"billing-saas-api","timestamp":"2025-11-27 12:21:51:2151"}
{"level":"info","message":"✅ Redis connected","service":"billing-saas-api","timestamp":"2025-11-27 12:25:14:2514"}
{"level":"info","message":"✅ Database connection established","service":"billing-saas-api","timestamp":"2025-11-27 12:25:15:2515"}
{"level":"info","message":"Database connected successfully","service":"billing-saas-api","timestamp":"2025-11-27 12:25:15:2515"}
{"level":"info","message":"Server running on port 3001 in development mode","service":"billing-saas-api","timestamp":"2025-11-27 12:25:15:2515"}
{"level":"info","message":"🧹 Cleared 1 cache keys matching invoices:221ccd12-e9b2-4f39-9cfe-81bdbed59edc:*","service":"billing-saas-api","timestamp":"2025-11-27 12:37:38:3738"}
{"level":"info","message":"🧹 Cleared 1 cache keys matching cache:221ccd12-e9b2-4f39-9cfe-81bdbed59edc:/api/invoices*","service":"billing-saas-api","timestamp":"2025-11-27 12:37:38:3738"}
{"level":"info","message":"🧹 Cleared 3 cache keys matching *Invoice*221ccd12-e9b2-4f39-9cfe-81bdbed59edc*","service":"billing-saas-api","timestamp":"2025-11-27 12:37:38:3738"}
{"id":"80727f3e-9dfa-436a-b984-37779c51975d","level":"info","message":"Invoice updated in 172ms","service":"billing-saas-api","tenantId":"221ccd12-e9b2-4f39-9cfe-81bdbed59edc","timestamp":"2025-11-27 12:37:38:3738"}
{"level":"info","message":"Loyalty processing completed for invoice: 80727f3e-9dfa-436a-b984-37779c51975d","service":"billing-saas-api","timestamp":"2025-11-27 12:37:40:3740"}
{"level":"info","message":"🧹 Cleared 1 cache keys matching invoices:221ccd12-e9b2-4f39-9cfe-81bdbed59edc:*","service":"billing-saas-api","timestamp":"2025-11-27 12:38:26:3826"}
{"level":"info","message":"🧹 Cleared 1 cache keys matching cache:221ccd12-e9b2-4f39-9cfe-81bdbed59edc:/api/invoices*","service":"billing-saas-api","timestamp":"2025-11-27 12:38:26:3826"}
{"id":"80727f3e-9dfa-436a-b984-37779c51975d","level":"info","message":"Invoice updated in 115ms","service":"billing-saas-api","tenantId":"221ccd12-e9b2-4f39-9cfe-81bdbed59edc","timestamp":"2025-11-27 12:38:26:3826"}
{"level":"info","message":"Loyalty processing completed for invoice: 80727f3e-9dfa-436a-b984-37779c51975d","service":"billing-saas-api","timestamp":"2025-11-27 12:38:28:3828"}
{"level":"info","message":"✅ Redis connected","service":"billing-saas-api","timestamp":"2025-11-27 15:51:13:5113"}
{"level":"info","message":"✅ Database connection established","service":"billing-saas-api","timestamp":"2025-11-27 15:51:14:5114"}
{"level":"info","message":"Database connected successfully","service":"billing-saas-api","timestamp":"2025-11-27 15:51:14:5114"}
{"level":"info","message":"Server running on port 3001 in development mode","service":"billing-saas-api","timestamp":"2025-11-27 15:51:14:5114"}
{"level":"error","message":"Uncaught Exception ⨯ Unable to compile TypeScript:\n\u001b[96msrc/services/customer/CustomerService.ts\u001b[0m:\u001b[93m551\u001b[0m:\u001b[93m27\u001b[0m - \u001b[91merror\u001b[0m\u001b[90m TS2339: \u001b[0mProperty 'processCustomerForLoyalty' does not exist on type 'LoyaltyService'.\r\n\r\n\u001b[7m551\u001b[0m await this.loyaltyService.processCustomerForLoyalty(invoiceId);\r\n\u001b[7m   \u001b[0m \u001b[91m                          ~~~~~~~~~~~~~~~~~~~~~~~~~\u001b[0m\r\n","service":"billing-saas-api","stack":"TSError: ⨯ Unable to compile TypeScript:\n\u001b[96msrc/services/customer/CustomerService.ts\u001b[0m:\u001b[93m551\u001b[0m:\u001b[93m27\u001b[0m - \u001b[91merror\u001b[0m\u001b[90m TS2339: \u001b[0mProperty 'processCustomerForLoyalty' does not exist on type 'LoyaltyService'.\r\n\r\n\u001b[7m551\u001b[0m await this.loyaltyService.processCustomerForLoyalty(invoiceId);\r\n\u001b[7m   \u001b[0m \u001b[91m                          ~~~~~~~~~~~~~~~~~~~~~~~~~\u001b[0m\r\n\n    at createTSError (E:\\BillingSoftware\\node_modules\\ts-node\\src\\index.ts:859:12)\n    at reportTSError (E:\\BillingSoftware\\node_modules\\ts-node\\src\\index.ts:863:19)\n    at getOutput (E:\\BillingSoftware\\node_modules\\ts-node\\src\\index.ts:1077:36)\n    at Object.compile (E:\\BillingSoftware\\node_modules\\ts-node\\src\\index.ts:1433:41)\n    at Module.m._compile (E:\\BillingSoftware\\node_modules\\ts-node\\src\\index.ts:1617:30)\n    at node:internal/modules/cjs/loader:1895:10\n    at Object.require.extensions.<computed> [as .ts] (E:\\BillingSoftware\\node_modules\\ts-node\\src\\index.ts:1621:12)\n    at Module.load (node:internal/modules/cjs/loader:1465:32)\n    at Function._load (node:internal/modules/cjs/loader:1282:12)\n    at TracingChannel.traceSync (node:diagnostics_channel:322:14)","timestamp":"2025-11-27 15:54:57:5457"}
{"level":"info","message":"✅ Redis connected","service":"billing-saas-api","timestamp":"2025-11-27 15:54:57:5457"}
{"level":"error","message":"Uncaught Exception ⨯ Unable to compile TypeScript:\n\u001b[96msrc/services/customer/CustomerService.ts\u001b[0m:\u001b[93m551\u001b[0m:\u001b[93m27\u001b[0m - \u001b[91merror\u001b[0m\u001b[90m TS2339: \u001b[0mProperty 'processCustomerForLoyalty' does not exist on type 'LoyaltyService'.\r\n\r\n\u001b[7m551\u001b[0m await this.loyaltyService.processCustomerForLoyalty(amount, customerId, tenantId);\r\n\u001b[7m   \u001b[0m \u001b[91m                          ~~~~~~~~~~~~~~~~~~~~~~~~~\u001b[0m\r\n","service":"billing-saas-api","stack":"TSError: ⨯ Unable to compile TypeScript:\n\u001b[96msrc/services/customer/CustomerService.ts\u001b[0m:\u001b[93m551\u001b[0m:\u001b[93m27\u001b[0m - \u001b[91merror\u001b[0m\u001b[90m TS2339: \u001b[0mProperty 'processCustomerForLoyalty' does not exist on type 'LoyaltyService'.\r\n\r\n\u001b[7m551\u001b[0m await this.loyaltyService.processCustomerForLoyalty(amount, customerId, tenantId);\r\n\u001b[7m   \u001b[0m \u001b[91m                          ~~~~~~~~~~~~~~~~~~~~~~~~~\u001b[0m\r\n\n    at createTSError (E:\\BillingSoftware\\node_modules\\ts-node\\src\\index.ts:859:12)\n    at reportTSError (E:\\BillingSoftware\\node_modules\\ts-node\\src\\index.ts:863:19)\n    at getOutput (E:\\BillingSoftware\\node_modules\\ts-node\\src\\index.ts:1077:36)\n    at Object.compile (E:\\BillingSoftware\\node_modules\\ts-node\\src\\index.ts:1433:41)\n    at Module.m._compile (E:\\BillingSoftware\\node_modules\\ts-node\\src\\index.ts:1617:30)\n    at node:internal/modules/cjs/loader:1895:10\n    at Object.require.extensions.<computed> [as .ts] (E:\\BillingSoftware\\node_modules\\ts-node\\src\\index.ts:1621:12)\n    at Module.load (node:internal/modules/cjs/loader:1465:32)\n    at Function._load (node:internal/modules/cjs/loader:1282:12)\n    at TracingChannel.traceSync (node:diagnostics_channel:322:14)","timestamp":"2025-11-27 15:55:18:5518"}
{"level":"info","message":"✅ Redis connected","service":"billing-saas-api","timestamp":"2025-11-27 15:55:18:5518"}
{"level":"error","message":"Uncaught Exception ⨯ Unable to compile TypeScript:\n\u001b[96msrc/services/loyalty/LoyaltyService.ts\u001b[0m:\u001b[93m136\u001b[0m:\u001b[93m37\u001b[0m - \u001b[91merror\u001b[0m\u001b[90m TS2769: \u001b[0mNo overload matches this call.\r\n  Overload 1 of 3, '(entityLikeArray: DeepPartial<LoyaltyTransaction>[]): LoyaltyTransaction[]', gave the following error.\r\n    Argument of type '{ customerId: string; invoiceId: null; type: TransactionType; status: TransactionStatus; cashbackAmount: number; orderAmount: number; effectivePercentage: number; description: string; tenantId: string; }' is not assignable to parameter of type 'DeepPartial<LoyaltyTransaction>[]'.\r\n      Object literal may only specify known properties, and 'customerId' does not exist in type 'DeepPartial<LoyaltyTransaction>[]'.\r\n  Overload 2 of 3, '(entityLike: DeepPartial<LoyaltyTransaction>): LoyaltyTransaction', gave the following error.\r\n    Type 'null' is not assignable to type 'string | undefined'.\r\n\r\n\u001b[7m136\u001b[0m                 const transaction = this.transactionRepository.create({\r\n\u001b[7m   \u001b[0m \u001b[91m                                    ~~~~~~~~~~~~~~~~~~~~~~~~~~~~~~~~~~~\u001b[0m\r\n\u001b[7m137\u001b[0m                     customerId: customerId,\r\n\u001b[7m   \u001b[0m \u001b[91m~~~~~~~~~~~~~~~~~~~~~~~~~~~~~~~~~~~~~~~~~~~\u001b[0m\r\n\u001b[7m...\u001b[0m \r\n\u001b[7m145\u001b[0m                     tenantId: tenantId\r\n\u001b[7m   \u001b[0m \u001b[91m~~~~~~~~~~~~~~~~~~~~~~~~~~~~~~~~~~~~~~\u001b[0m\r\n\u001b[7m146\u001b[0m                 });\r\n\u001b[7m   \u001b[0m \u001b[91m~~~~~~~~~~~~~~~~~~\u001b[0m\r\n\r\n  \u001b[96msrc/entities/LoyaltyTransaction.ts\u001b[0m:\u001b[93m31\u001b[0m:\u001b[93m1\u001b[0m\r\n    \u001b[7m31\u001b[0m invoiceId: string;\r\n    \u001b[7m  \u001b[0m \u001b[96m~~~~~~~~~\u001b[0m\r\n    The expected type comes from property 'invoiceId' which is declared here on type 'DeepPartial<LoyaltyTransaction>'\r\n","service":"billing-saas-api","stack":"TSError: ⨯ Unable to compile TypeScript:\n\u001b[96msrc/services/loyalty/LoyaltyService.ts\u001b[0m:\u001b[93m136\u001b[0m:\u001b[93m37\u001b[0m - \u001b[91merror\u001b[0m\u001b[90m TS2769: \u001b[0mNo overload matches this call.\r\n  Overload 1 of 3, '(entityLikeArray: DeepPartial<LoyaltyTransaction>[]): LoyaltyTransaction[]', gave the following error.\r\n    Argument of type '{ customerId: string; invoiceId: null; type: TransactionType; status: TransactionStatus; cashbackAmount: number; orderAmount: number; effectivePercentage: number; description: string; tenantId: string; }' is not assignable to parameter of type 'DeepPartial<LoyaltyTransaction>[]'.\r\n      Object literal may only specify known properties, and 'customerId' does not exist in type 'DeepPartial<LoyaltyTransaction>[]'.\r\n  Overload 2 of 3, '(entityLike: DeepPartial<LoyaltyTransaction>): LoyaltyTransaction', gave the following error.\r\n    Type 'null' is not assignable to type 'string | undefined'.\r\n\r\n\u001b[7m136\u001b[0m                 const transaction = this.transactionRepository.create({\r\n\u001b[7m   \u001b[0m \u001b[91m                                    ~~~~~~~~~~~~~~~~~~~~~~~~~~~~~~~~~~~\u001b[0m\r\n\u001b[7m137\u001b[0m                     customerId: customerId,\r\n\u001b[7m   \u001b[0m \u001b[91m~~~~~~~~~~~~~~~~~~~~~~~~~~~~~~~~~~~~~~~~~~~\u001b[0m\r\n\u001b[7m...\u001b[0m \r\n\u001b[7m145\u001b[0m                     tenantId: tenantId\r\n\u001b[7m   \u001b[0m \u001b[91m~~~~~~~~~~~~~~~~~~~~~~~~~~~~~~~~~~~~~~\u001b[0m\r\n\u001b[7m146\u001b[0m                 });\r\n\u001b[7m   \u001b[0m \u001b[91m~~~~~~~~~~~~~~~~~~\u001b[0m\r\n\r\n  \u001b[96msrc/entities/LoyaltyTransaction.ts\u001b[0m:\u001b[93m31\u001b[0m:\u001b[93m1\u001b[0m\r\n    \u001b[7m31\u001b[0m invoiceId: string;\r\n    \u001b[7m  \u001b[0m \u001b[96m~~~~~~~~~\u001b[0m\r\n    The expected type comes from property 'invoiceId' which is declared here on type 'DeepPartial<LoyaltyTransaction>'\r\n\n    at createTSError (E:\\BillingSoftware\\node_modules\\ts-node\\src\\index.ts:859:12)\n    at reportTSError (E:\\BillingSoftware\\node_modules\\ts-node\\src\\index.ts:863:19)\n    at getOutput (E:\\BillingSoftware\\node_modules\\ts-node\\src\\index.ts:1077:36)\n    at Object.compile (E:\\BillingSoftware\\node_modules\\ts-node\\src\\index.ts:1433:41)\n    at Module.m._compile (E:\\BillingSoftware\\node_modules\\ts-node\\src\\index.ts:1617:30)\n    at node:internal/modules/cjs/loader:1895:10\n    at Object.require.extensions.<computed> [as .ts] (E:\\BillingSoftware\\node_modules\\ts-node\\src\\index.ts:1621:12)\n    at Module.load (node:internal/modules/cjs/loader:1465:32)\n    at Function._load (node:internal/modules/cjs/loader:1282:12)\n    at TracingChannel.traceSync (node:diagnostics_channel:322:14)","timestamp":"2025-11-27 16:04:11:411"}
{"level":"info","message":"✅ Redis connected","service":"billing-saas-api","timestamp":"2025-11-27 16:04:11:411"}
{"level":"info","message":"✅ Redis connected","service":"billing-saas-api","timestamp":"2025-11-27 16:09:21:921"}
{"level":"info","message":"✅ Database connection established","service":"billing-saas-api","timestamp":"2025-11-27 16:09:22:922"}
{"level":"info","message":"Database connected successfully","service":"billing-saas-api","timestamp":"2025-11-27 16:09:22:922"}
{"level":"info","message":"Server running on port 3001 in development mode","service":"billing-saas-api","timestamp":"2025-11-27 16:09:22:922"}
{"level":"info","message":"Cashback calculation: amount=10000, percentage=5.00, cashback=500","service":"billing-saas-api","timestamp":"2025-11-27 16:13:00:130"}
{"level":"info","message":"Customer loyalty update - totalSpent: 347668.50, availableCashback: 500, totalCashbackEarned: 7500","service":"billing-saas-api","timestamp":"2025-11-27 16:13:00:130"}
{"level":"info","message":"Processed cashback of ₹500 for customer 047f643f-6c30-463c-b2dd-3bf35ac8066d","service":"billing-saas-api","timestamp":"2025-11-27 16:13:00:130"}
{"level":"info","message":"✅ Redis connected","service":"billing-saas-api","timestamp":"2025-11-27 16:42:42:4242"}
{"level":"info","message":"✅ Database connection established","service":"billing-saas-api","timestamp":"2025-11-27 16:42:43:4243"}
{"level":"info","message":"Database connected successfully","service":"billing-saas-api","timestamp":"2025-11-27 16:42:43:4243"}
{"level":"info","message":"Server running on port 3001 in development mode","service":"billing-saas-api","timestamp":"2025-11-27 16:42:43:4243"}
{"level":"info","message":"✅ Redis connected","service":"billing-saas-api","timestamp":"2025-11-27 16:55:28:5528"}
{"level":"info","message":"✅ Database connection established","service":"billing-saas-api","timestamp":"2025-11-27 16:55:29:5529"}
{"level":"info","message":"Database connected successfully","service":"billing-saas-api","timestamp":"2025-11-27 16:55:29:5529"}
{"level":"info","message":"Server running on port 3001 in development mode","service":"billing-saas-api","timestamp":"2025-11-27 16:55:29:5529"}
{"level":"error","message":"Uncaught Exception ⨯ Unable to compile TypeScript:\n\u001b[96msrc/services/customer/CustomerService.ts\u001b[0m:\u001b[93m202\u001b[0m:\u001b[93m1\u001b[0m - \u001b[91merror\u001b[0m\u001b[90m TS2322: \u001b[0mType 'string' is not assignable to type 'number'.\r\n\r\n\u001b[7m202\u001b[0m customer.totalDue = Number(balance.totalDue).toFixed(2);\r\n\u001b[7m   \u001b[0m \u001b[91m~~~~~~~~~~~~~~~~~\u001b[0m\r\n\u001b[96msrc/services/customer/CustomerService.ts\u001b[0m:\u001b[93m203\u001b[0m:\u001b[93m1\u001b[0m - \u001b[91merror\u001b[0m\u001b[90m TS2322: \u001b[0mType 'string' is not assignable to type 'number'.\r\n\r\n\u001b[7m203\u001b[0m customer.totalPaid = Number(balance.totalPaid).toFixed(2);\r\n\u001b[7m   \u001b[0m \u001b[91m~~~~~~~~~~~~~~~~~~\u001b[0m\r\n\u001b[96msrc/services/customer/CustomerService.ts\u001b[0m:\u001b[93m204\u001b[0m:\u001b[93m1\u001b[0m - \u001b[91merror\u001b[0m\u001b[90m TS2322: \u001b[0mType 'string' is not assignable to type 'number'.\r\n\r\n\u001b[7m204\u001b[0m customer.balance = Number(balance.balance).toFixed(2);\r\n\u001b[7m   \u001b[0m \u001b[91m~~~~~~~~~~~~~~~~\u001b[0m\r\n","service":"billing-saas-api","stack":"TSError: ⨯ Unable to compile TypeScript:\n\u001b[96msrc/services/customer/CustomerService.ts\u001b[0m:\u001b[93m202\u001b[0m:\u001b[93m1\u001b[0m - \u001b[91merror\u001b[0m\u001b[90m TS2322: \u001b[0mType 'string' is not assignable to type 'number'.\r\n\r\n\u001b[7m202\u001b[0m customer.totalDue = Number(balance.totalDue).toFixed(2);\r\n\u001b[7m   \u001b[0m \u001b[91m~~~~~~~~~~~~~~~~~\u001b[0m\r\n\u001b[96msrc/services/customer/CustomerService.ts\u001b[0m:\u001b[93m203\u001b[0m:\u001b[93m1\u001b[0m - \u001b[91merror\u001b[0m\u001b[90m TS2322: \u001b[0mType 'string' is not assignable to type 'number'.\r\n\r\n\u001b[7m203\u001b[0m customer.totalPaid = Number(balance.totalPaid).toFixed(2);\r\n\u001b[7m   \u001b[0m \u001b[91m~~~~~~~~~~~~~~~~~~\u001b[0m\r\n\u001b[96msrc/services/customer/CustomerService.ts\u001b[0m:\u001b[93m204\u001b[0m:\u001b[93m1\u001b[0m - \u001b[91merror\u001b[0m\u001b[90m TS2322: \u001b[0mType 'string' is not assignable to type 'number'.\r\n\r\n\u001b[7m204\u001b[0m customer.balance = Number(balance.balance).toFixed(2);\r\n\u001b[7m   \u001b[0m \u001b[91m~~~~~~~~~~~~~~~~\u001b[0m\r\n\n    at createTSError (E:\\BillingSoftware\\node_modules\\ts-node\\src\\index.ts:859:12)\n    at reportTSError (E:\\BillingSoftware\\node_modules\\ts-node\\src\\index.ts:863:19)\n    at getOutput (E:\\BillingSoftware\\node_modules\\ts-node\\src\\index.ts:1077:36)\n    at Object.compile (E:\\BillingSoftware\\node_modules\\ts-node\\src\\index.ts:1433:41)\n    at Module.m._compile (E:\\BillingSoftware\\node_modules\\ts-node\\src\\index.ts:1617:30)\n    at node:internal/modules/cjs/loader:1895:10\n    at Object.require.extensions.<computed> [as .ts] (E:\\BillingSoftware\\node_modules\\ts-node\\src\\index.ts:1621:12)\n    at Module.load (node:internal/modules/cjs/loader:1465:32)\n    at Function._load (node:internal/modules/cjs/loader:1282:12)\n    at TracingChannel.traceSync (node:diagnostics_channel:322:14)","timestamp":"2025-11-27 17:02:23:223"}
{"level":"info","message":"✅ Redis connected","service":"billing-saas-api","timestamp":"2025-11-27 17:02:23:223"}
{"level":"info","message":"✅ Redis connected","service":"billing-saas-api","timestamp":"2025-11-27 17:03:07:37"}
{"level":"info","message":"✅ Database connection established","service":"billing-saas-api","timestamp":"2025-11-27 17:03:07:37"}
{"level":"info","message":"Database connected successfully","service":"billing-saas-api","timestamp":"2025-11-27 17:03:07:37"}
{"level":"info","message":"Server running on port 3001 in development mode","service":"billing-saas-api","timestamp":"2025-11-27 17:03:07:37"}
{"level":"info","message":"✅ Redis connected","service":"billing-saas-api","timestamp":"2025-11-27 17:07:09:79"}
{"level":"info","message":"✅ Database connection established","service":"billing-saas-api","timestamp":"2025-11-27 17:07:09:79"}
{"level":"info","message":"Database connected successfully","service":"billing-saas-api","timestamp":"2025-11-27 17:07:09:79"}
{"level":"info","message":"Server running on port 3001 in development mode","service":"billing-saas-api","timestamp":"2025-11-27 17:07:09:79"}
{"level":"info","message":"✅ Redis connected","service":"billing-saas-api","timestamp":"2025-11-27 17:12:34:1234"}
{"level":"info","message":"✅ Database connection established","service":"billing-saas-api","timestamp":"2025-11-27 17:12:35:1235"}
{"level":"info","message":"Database connected successfully","service":"billing-saas-api","timestamp":"2025-11-27 17:12:35:1235"}
{"level":"info","message":"Server running on port 3001 in development mode","service":"billing-saas-api","timestamp":"2025-11-27 17:12:35:1235"}
{"level":"info","message":"✅ Redis connected","service":"billing-saas-api","timestamp":"2025-11-27 17:22:53:2253"}
{"level":"info","message":"✅ Database connection established","service":"billing-saas-api","timestamp":"2025-11-27 17:22:54:2254"}
{"level":"info","message":"Database connected successfully","service":"billing-saas-api","timestamp":"2025-11-27 17:22:54:2254"}
{"level":"info","message":"Server running on port 3001 in development mode","service":"billing-saas-api","timestamp":"2025-11-27 17:22:54:2254"}
{"level":"error","message":"Uncaught Exception ⨯ Unable to compile TypeScript:\n\u001b[96msrc/services/customer/CustomerService.ts\u001b[0m:\u001b[93m210\u001b[0m:\u001b[93m1\u001b[0m - \u001b[91merror\u001b[0m\u001b[90m TS2322: \u001b[0mType 'string' is not assignable to type 'number'.\r\n\r\n\u001b[7m210\u001b[0m customer.totalDue = totalDueNum.toFixed(2);\r\n\u001b[7m   \u001b[0m \u001b[91m~~~~~~~~~~~~~~~~~\u001b[0m\r\n\u001b[96msrc/services/customer/CustomerService.ts\u001b[0m:\u001b[93m211\u001b[0m:\u001b[93m1\u001b[0m - \u001b[91merror\u001b[0m\u001b[90m TS2322: \u001b[0mType 'string' is not assignable to type 'number'.\r\n\r\n\u001b[7m211\u001b[0m customer.totalPaid = totalPaidNum.toFixed(2);\r\n\u001b[7m   \u001b[0m \u001b[91m~~~~~~~~~~~~~~~~~~\u001b[0m\r\n\u001b[96msrc/services/customer/CustomerService.ts\u001b[0m:\u001b[93m212\u001b[0m:\u001b[93m1\u001b[0m - \u001b[91merror\u001b[0m\u001b[90m TS2322: \u001b[0mType 'string' is not assignable to type 'number'.\r\n\r\n\u001b[7m212\u001b[0m customer.balance = balanceNum.toFixed(2);\r\n\u001b[7m   \u001b[0m \u001b[91m~~~~~~~~~~~~~~~~\u001b[0m\r\n\u001b[96msrc/services/customer/CustomerService.ts\u001b[0m:\u001b[93m216\u001b[0m:\u001b[93m3\u001b[0m - \u001b[91merror\u001b[0m\u001b[90m TS2820: \u001b[0mType '\"Paid\"' is not assignable to type '\"paid\" | \"unpaid\" | \"partial\" | undefined'. Did you mean '\"paid\"'?\r\n\r\n\u001b[7m216\u001b[0m   customer.paymentStatus = \"Paid\";\r\n\u001b[7m   \u001b[0m \u001b[91m  ~~~~~~~~~~~~~~~~~~~~~~\u001b[0m\r\n\u001b[96msrc/services/customer/CustomerService.ts\u001b[0m:\u001b[93m218\u001b[0m:\u001b[93m3\u001b[0m - \u001b[91merror\u001b[0m\u001b[90m TS2820: \u001b[0mType '\"Partial\"' is not assignable to type '\"paid\" | \"unpaid\" | \"partial\" | undefined'. Did you mean '\"partial\"'?\r\n\r\n\u001b[7m218\u001b[0m   customer.paymentStatus = \"Partial\";\r\n\u001b[7m   \u001b[0m \u001b[91m  ~~~~~~~~~~~~~~~~~~~~~~\u001b[0m\r\n\u001b[96msrc/services/customer/CustomerService.ts\u001b[0m:\u001b[93m220\u001b[0m:\u001b[93m3\u001b[0m - \u001b[91merror\u001b[0m\u001b[90m TS2322: \u001b[0mType '\"Pending\"' is not assignable to type '\"paid\" | \"unpaid\" | \"partial\" | undefined'.\r\n\r\n\u001b[7m220\u001b[0m   customer.paymentStatus = \"Pending\";\r\n\u001b[7m   \u001b[0m \u001b[91m  ~~~~~~~~~~~~~~~~~~~~~~\u001b[0m\r\n","service":"billing-saas-api","stack":"TSError: ⨯ Unable to compile TypeScript:\n\u001b[96msrc/services/customer/CustomerService.ts\u001b[0m:\u001b[93m210\u001b[0m:\u001b[93m1\u001b[0m - \u001b[91merror\u001b[0m\u001b[90m TS2322: \u001b[0mType 'string' is not assignable to type 'number'.\r\n\r\n\u001b[7m210\u001b[0m customer.totalDue = totalDueNum.toFixed(2);\r\n\u001b[7m   \u001b[0m \u001b[91m~~~~~~~~~~~~~~~~~\u001b[0m\r\n\u001b[96msrc/services/customer/CustomerService.ts\u001b[0m:\u001b[93m211\u001b[0m:\u001b[93m1\u001b[0m - \u001b[91merror\u001b[0m\u001b[90m TS2322: \u001b[0mType 'string' is not assignable to type 'number'.\r\n\r\n\u001b[7m211\u001b[0m customer.totalPaid = totalPaidNum.toFixed(2);\r\n\u001b[7m   \u001b[0m \u001b[91m~~~~~~~~~~~~~~~~~~\u001b[0m\r\n\u001b[96msrc/services/customer/CustomerService.ts\u001b[0m:\u001b[93m212\u001b[0m:\u001b[93m1\u001b[0m - \u001b[91merror\u001b[0m\u001b[90m TS2322: \u001b[0mType 'string' is not assignable to type 'number'.\r\n\r\n\u001b[7m212\u001b[0m customer.balance = balanceNum.toFixed(2);\r\n\u001b[7m   \u001b[0m \u001b[91m~~~~~~~~~~~~~~~~\u001b[0m\r\n\u001b[96msrc/services/customer/CustomerService.ts\u001b[0m:\u001b[93m216\u001b[0m:\u001b[93m3\u001b[0m - \u001b[91merror\u001b[0m\u001b[90m TS2820: \u001b[0mType '\"Paid\"' is not assignable to type '\"paid\" | \"unpaid\" | \"partial\" | undefined'. Did you mean '\"paid\"'?\r\n\r\n\u001b[7m216\u001b[0m   customer.paymentStatus = \"Paid\";\r\n\u001b[7m   \u001b[0m \u001b[91m  ~~~~~~~~~~~~~~~~~~~~~~\u001b[0m\r\n\u001b[96msrc/services/customer/CustomerService.ts\u001b[0m:\u001b[93m218\u001b[0m:\u001b[93m3\u001b[0m - \u001b[91merror\u001b[0m\u001b[90m TS2820: \u001b[0mType '\"Partial\"' is not assignable to type '\"paid\" | \"unpaid\" | \"partial\" | undefined'. Did you mean '\"partial\"'?\r\n\r\n\u001b[7m218\u001b[0m   customer.paymentStatus = \"Partial\";\r\n\u001b[7m   \u001b[0m \u001b[91m  ~~~~~~~~~~~~~~~~~~~~~~\u001b[0m\r\n\u001b[96msrc/services/customer/CustomerService.ts\u001b[0m:\u001b[93m220\u001b[0m:\u001b[93m3\u001b[0m - \u001b[91merror\u001b[0m\u001b[90m TS2322: \u001b[0mType '\"Pending\"' is not assignable to type '\"paid\" | \"unpaid\" | \"partial\" | undefined'.\r\n\r\n\u001b[7m220\u001b[0m   customer.paymentStatus = \"Pending\";\r\n\u001b[7m   \u001b[0m \u001b[91m  ~~~~~~~~~~~~~~~~~~~~~~\u001b[0m\r\n\n    at createTSError (E:\\BillingSoftware\\node_modules\\ts-node\\src\\index.ts:859:12)\n    at reportTSError (E:\\BillingSoftware\\node_modules\\ts-node\\src\\index.ts:863:19)\n    at getOutput (E:\\BillingSoftware\\node_modules\\ts-node\\src\\index.ts:1077:36)\n    at Object.compile (E:\\BillingSoftware\\node_modules\\ts-node\\src\\index.ts:1433:41)\n    at Module.m._compile (E:\\BillingSoftware\\node_modules\\ts-node\\src\\index.ts:1617:30)\n    at node:internal/modules/cjs/loader:1895:10\n    at Object.require.extensions.<computed> [as .ts] (E:\\BillingSoftware\\node_modules\\ts-node\\src\\index.ts:1621:12)\n    at Module.load (node:internal/modules/cjs/loader:1465:32)\n    at Function._load (node:internal/modules/cjs/loader:1282:12)\n    at TracingChannel.traceSync (node:diagnostics_channel:322:14)","timestamp":"2025-11-27 17:23:53:2353"}
{"level":"info","message":"✅ Redis connected","service":"billing-saas-api","timestamp":"2025-11-27 17:23:53:2353"}
{"level":"error","message":"Uncaught Exception ⨯ Unable to compile TypeScript:\n\u001b[96msrc/services/customer/CustomerService.ts\u001b[0m:\u001b[93m210\u001b[0m:\u001b[93m1\u001b[0m - \u001b[91merror\u001b[0m\u001b[90m TS2322: \u001b[0mType 'string' is not assignable to type 'number'.\r\n\r\n\u001b[7m210\u001b[0m customer.totalDue = totalDueNum.toFixed(2);\r\n\u001b[7m   \u001b[0m \u001b[91m~~~~~~~~~~~~~~~~~\u001b[0m\r\n\u001b[96msrc/services/customer/CustomerService.ts\u001b[0m:\u001b[93m211\u001b[0m:\u001b[93m1\u001b[0m - \u001b[91merror\u001b[0m\u001b[90m TS2322: \u001b[0mType 'string' is not assignable to type 'number'.\r\n\r\n\u001b[7m211\u001b[0m customer.totalPaid = totalPaidNum.toFixed(2);\r\n\u001b[7m   \u001b[0m \u001b[91m~~~~~~~~~~~~~~~~~~\u001b[0m\r\n\u001b[96msrc/services/customer/CustomerService.ts\u001b[0m:\u001b[93m212\u001b[0m:\u001b[93m1\u001b[0m - \u001b[91merror\u001b[0m\u001b[90m TS2322: \u001b[0mType 'string' is not assignable to type 'number'.\r\n\r\n\u001b[7m212\u001b[0m customer.balance = balanceNum.toFixed(2);\r\n\u001b[7m   \u001b[0m \u001b[91m~~~~~~~~~~~~~~~~\u001b[0m\r\n\u001b[96msrc/services/customer/CustomerService.ts\u001b[0m:\u001b[93m216\u001b[0m:\u001b[93m3\u001b[0m - \u001b[91merror\u001b[0m\u001b[90m TS2820: \u001b[0mType '\"Paid\"' is not assignable to type '\"paid\" | \"unpaid\" | \"partial\" | undefined'. Did you mean '\"paid\"'?\r\n\r\n\u001b[7m216\u001b[0m   customer.paymentStatus = \"Paid\";\r\n\u001b[7m   \u001b[0m \u001b[91m  ~~~~~~~~~~~~~~~~~~~~~~\u001b[0m\r\n\u001b[96msrc/services/customer/CustomerService.ts\u001b[0m:\u001b[93m218\u001b[0m:\u001b[93m3\u001b[0m - \u001b[91merror\u001b[0m\u001b[90m TS2820: \u001b[0mType '\"Partial\"' is not assignable to type '\"paid\" | \"unpaid\" | \"partial\" | undefined'. Did you mean '\"partial\"'?\r\n\r\n\u001b[7m218\u001b[0m   customer.paymentStatus = \"Partial\";\r\n\u001b[7m   \u001b[0m \u001b[91m  ~~~~~~~~~~~~~~~~~~~~~~\u001b[0m\r\n\u001b[96msrc/services/customer/CustomerService.ts\u001b[0m:\u001b[93m220\u001b[0m:\u001b[93m3\u001b[0m - \u001b[91merror\u001b[0m\u001b[90m TS2322: \u001b[0mType '\"Pending\"' is not assignable to type '\"paid\" | \"unpaid\" | \"partial\" | undefined'.\r\n\r\n\u001b[7m220\u001b[0m   customer.paymentStatus = \"Pending\";\r\n\u001b[7m   \u001b[0m \u001b[91m  ~~~~~~~~~~~~~~~~~~~~~~\u001b[0m\r\n","service":"billing-saas-api","stack":"TSError: ⨯ Unable to compile TypeScript:\n\u001b[96msrc/services/customer/CustomerService.ts\u001b[0m:\u001b[93m210\u001b[0m:\u001b[93m1\u001b[0m - \u001b[91merror\u001b[0m\u001b[90m TS2322: \u001b[0mType 'string' is not assignable to type 'number'.\r\n\r\n\u001b[7m210\u001b[0m customer.totalDue = totalDueNum.toFixed(2);\r\n\u001b[7m   \u001b[0m \u001b[91m~~~~~~~~~~~~~~~~~\u001b[0m\r\n\u001b[96msrc/services/customer/CustomerService.ts\u001b[0m:\u001b[93m211\u001b[0m:\u001b[93m1\u001b[0m - \u001b[91merror\u001b[0m\u001b[90m TS2322: \u001b[0mType 'string' is not assignable to type 'number'.\r\n\r\n\u001b[7m211\u001b[0m customer.totalPaid = totalPaidNum.toFixed(2);\r\n\u001b[7m   \u001b[0m \u001b[91m~~~~~~~~~~~~~~~~~~\u001b[0m\r\n\u001b[96msrc/services/customer/CustomerService.ts\u001b[0m:\u001b[93m212\u001b[0m:\u001b[93m1\u001b[0m - \u001b[91merror\u001b[0m\u001b[90m TS2322: \u001b[0mType 'string' is not assignable to type 'number'.\r\n\r\n\u001b[7m212\u001b[0m customer.balance = balanceNum.toFixed(2);\r\n\u001b[7m   \u001b[0m \u001b[91m~~~~~~~~~~~~~~~~\u001b[0m\r\n\u001b[96msrc/services/customer/CustomerService.ts\u001b[0m:\u001b[93m216\u001b[0m:\u001b[93m3\u001b[0m - \u001b[91merror\u001b[0m\u001b[90m TS2820: \u001b[0mType '\"Paid\"' is not assignable to type '\"paid\" | \"unpaid\" | \"partial\" | undefined'. Did you mean '\"paid\"'?\r\n\r\n\u001b[7m216\u001b[0m   customer.paymentStatus = \"Paid\";\r\n\u001b[7m   \u001b[0m \u001b[91m  ~~~~~~~~~~~~~~~~~~~~~~\u001b[0m\r\n\u001b[96msrc/services/customer/CustomerService.ts\u001b[0m:\u001b[93m218\u001b[0m:\u001b[93m3\u001b[0m - \u001b[91merror\u001b[0m\u001b[90m TS2820: \u001b[0mType '\"Partial\"' is not assignable to type '\"paid\" | \"unpaid\" | \"partial\" | undefined'. Did you mean '\"partial\"'?\r\n\r\n\u001b[7m218\u001b[0m   customer.paymentStatus = \"Partial\";\r\n\u001b[7m   \u001b[0m \u001b[91m  ~~~~~~~~~~~~~~~~~~~~~~\u001b[0m\r\n\u001b[96msrc/services/customer/CustomerService.ts\u001b[0m:\u001b[93m220\u001b[0m:\u001b[93m3\u001b[0m - \u001b[91merror\u001b[0m\u001b[90m TS2322: \u001b[0mType '\"Pending\"' is not assignable to type '\"paid\" | \"unpaid\" | \"partial\" | undefined'.\r\n\r\n\u001b[7m220\u001b[0m   customer.paymentStatus = \"Pending\";\r\n\u001b[7m   \u001b[0m \u001b[91m  ~~~~~~~~~~~~~~~~~~~~~~\u001b[0m\r\n\n    at createTSError (E:\\BillingSoftware\\node_modules\\ts-node\\src\\index.ts:859:12)\n    at reportTSError (E:\\BillingSoftware\\node_modules\\ts-node\\src\\index.ts:863:19)\n    at getOutput (E:\\BillingSoftware\\node_modules\\ts-node\\src\\index.ts:1077:36)\n    at Object.compile (E:\\BillingSoftware\\node_modules\\ts-node\\src\\index.ts:1433:41)\n    at Module.m._compile (E:\\BillingSoftware\\node_modules\\ts-node\\src\\index.ts:1617:30)\n    at node:internal/modules/cjs/loader:1895:10\n    at Object.require.extensions.<computed> [as .ts] (E:\\BillingSoftware\\node_modules\\ts-node\\src\\index.ts:1621:12)\n    at Module.load (node:internal/modules/cjs/loader:1465:32)\n    at Function._load (node:internal/modules/cjs/loader:1282:12)\n    at TracingChannel.traceSync (node:diagnostics_channel:322:14)","timestamp":"2025-11-27 17:24:49:2449"}
{"level":"info","message":"✅ Redis connected","service":"billing-saas-api","timestamp":"2025-11-27 17:24:49:2449"}
{"level":"error","message":"Uncaught Exception ⨯ Unable to compile TypeScript:\n\u001b[96msrc/services/customer/CustomerService.ts\u001b[0m:\u001b[93m210\u001b[0m:\u001b[93m1\u001b[0m - \u001b[91merror\u001b[0m\u001b[90m TS2322: \u001b[0mType 'string' is not assignable to type 'number'.\r\n\r\n\u001b[7m210\u001b[0m customer.totalDue = totalDueNum.toFixed(2);\r\n\u001b[7m   \u001b[0m \u001b[91m~~~~~~~~~~~~~~~~~\u001b[0m\r\n\u001b[96msrc/services/customer/CustomerService.ts\u001b[0m:\u001b[93m211\u001b[0m:\u001b[93m1\u001b[0m - \u001b[91merror\u001b[0m\u001b[90m TS2322: \u001b[0mType 'string' is not assignable to type 'number'.\r\n\r\n\u001b[7m211\u001b[0m customer.totalPaid = totalPaidNum.toFixed(2);\r\n\u001b[7m   \u001b[0m \u001b[91m~~~~~~~~~~~~~~~~~~\u001b[0m\r\n\u001b[96msrc/services/customer/CustomerService.ts\u001b[0m:\u001b[93m212\u001b[0m:\u001b[93m1\u001b[0m - \u001b[91merror\u001b[0m\u001b[90m TS2322: \u001b[0mType 'string' is not assignable to type 'number'.\r\n\r\n\u001b[7m212\u001b[0m customer.balance = balanceNum.toFixed(2);\r\n\u001b[7m   \u001b[0m \u001b[91m~~~~~~~~~~~~~~~~\u001b[0m\r\n\u001b[96msrc/services/customer/CustomerService.ts\u001b[0m:\u001b[93m216\u001b[0m:\u001b[93m3\u001b[0m - \u001b[91merror\u001b[0m\u001b[90m TS2322: \u001b[0mType 'PaymentStatus.COMPLETED' is not assignable to type '\"paid\" | \"unpaid\" | \"partial\" | undefined'.\r\n\r\n\u001b[7m216\u001b[0m   customer.paymentStatus = PaymentStatus.COMPLETED;\r\n\u001b[7m   \u001b[0m \u001b[91m  ~~~~~~~~~~~~~~~~~~~~~~\u001b[0m\r\n\u001b[96msrc/services/customer/CustomerService.ts\u001b[0m:\u001b[93m220\u001b[0m:\u001b[93m3\u001b[0m - \u001b[91merror\u001b[0m\u001b[90m TS2322: \u001b[0mType 'PaymentStatus.PENDING' is not assignable to type '\"paid\" | \"unpaid\" | \"partial\" | undefined'.\r\n\r\n\u001b[7m220\u001b[0m   customer.paymentStatus = PaymentStatus.PENDING;\r\n\u001b[7m   \u001b[0m \u001b[91m  ~~~~~~~~~~~~~~~~~~~~~~\u001b[0m\r\n","service":"billing-saas-api","stack":"TSError: ⨯ Unable to compile TypeScript:\n\u001b[96msrc/services/customer/CustomerService.ts\u001b[0m:\u001b[93m210\u001b[0m:\u001b[93m1\u001b[0m - \u001b[91merror\u001b[0m\u001b[90m TS2322: \u001b[0mType 'string' is not assignable to type 'number'.\r\n\r\n\u001b[7m210\u001b[0m customer.totalDue = totalDueNum.toFixed(2);\r\n\u001b[7m   \u001b[0m \u001b[91m~~~~~~~~~~~~~~~~~\u001b[0m\r\n\u001b[96msrc/services/customer/CustomerService.ts\u001b[0m:\u001b[93m211\u001b[0m:\u001b[93m1\u001b[0m - \u001b[91merror\u001b[0m\u001b[90m TS2322: \u001b[0mType 'string' is not assignable to type 'number'.\r\n\r\n\u001b[7m211\u001b[0m customer.totalPaid = totalPaidNum.toFixed(2);\r\n\u001b[7m   \u001b[0m \u001b[91m~~~~~~~~~~~~~~~~~~\u001b[0m\r\n\u001b[96msrc/services/customer/CustomerService.ts\u001b[0m:\u001b[93m212\u001b[0m:\u001b[93m1\u001b[0m - \u001b[91merror\u001b[0m\u001b[90m TS2322: \u001b[0mType 'string' is not assignable to type 'number'.\r\n\r\n\u001b[7m212\u001b[0m customer.balance = balanceNum.toFixed(2);\r\n\u001b[7m   \u001b[0m \u001b[91m~~~~~~~~~~~~~~~~\u001b[0m\r\n\u001b[96msrc/services/customer/CustomerService.ts\u001b[0m:\u001b[93m216\u001b[0m:\u001b[93m3\u001b[0m - \u001b[91merror\u001b[0m\u001b[90m TS2322: \u001b[0mType 'PaymentStatus.COMPLETED' is not assignable to type '\"paid\" | \"unpaid\" | \"partial\" | undefined'.\r\n\r\n\u001b[7m216\u001b[0m   customer.paymentStatus = PaymentStatus.COMPLETED;\r\n\u001b[7m   \u001b[0m \u001b[91m  ~~~~~~~~~~~~~~~~~~~~~~\u001b[0m\r\n\u001b[96msrc/services/customer/CustomerService.ts\u001b[0m:\u001b[93m220\u001b[0m:\u001b[93m3\u001b[0m - \u001b[91merror\u001b[0m\u001b[90m TS2322: \u001b[0mType 'PaymentStatus.PENDING' is not assignable to type '\"paid\" | \"unpaid\" | \"partial\" | undefined'.\r\n\r\n\u001b[7m220\u001b[0m   customer.paymentStatus = PaymentStatus.PENDING;\r\n\u001b[7m   \u001b[0m \u001b[91m  ~~~~~~~~~~~~~~~~~~~~~~\u001b[0m\r\n\n    at createTSError (E:\\BillingSoftware\\node_modules\\ts-node\\src\\index.ts:859:12)\n    at reportTSError (E:\\BillingSoftware\\node_modules\\ts-node\\src\\index.ts:863:19)\n    at getOutput (E:\\BillingSoftware\\node_modules\\ts-node\\src\\index.ts:1077:36)\n    at Object.compile (E:\\BillingSoftware\\node_modules\\ts-node\\src\\index.ts:1433:41)\n    at Module.m._compile (E:\\BillingSoftware\\node_modules\\ts-node\\src\\index.ts:1617:30)\n    at node:internal/modules/cjs/loader:1895:10\n    at Object.require.extensions.<computed> [as .ts] (E:\\BillingSoftware\\node_modules\\ts-node\\src\\index.ts:1621:12)\n    at Module.load (node:internal/modules/cjs/loader:1465:32)\n    at Function._load (node:internal/modules/cjs/loader:1282:12)\n    at TracingChannel.traceSync (node:diagnostics_channel:322:14)","timestamp":"2025-11-27 17:25:56:2556"}
{"level":"info","message":"✅ Redis connected","service":"billing-saas-api","timestamp":"2025-11-27 17:25:56:2556"}
{"level":"error","message":"Uncaught Exception ⨯ Unable to compile TypeScript:\n\u001b[96msrc/services/customer/CustomerService.ts\u001b[0m:\u001b[93m210\u001b[0m:\u001b[93m1\u001b[0m - \u001b[91merror\u001b[0m\u001b[90m TS2322: \u001b[0mType 'string' is not assignable to type 'number'.\r\n\r\n\u001b[7m210\u001b[0m customer.totalDue = totalDueNum.toFixed(2);\r\n\u001b[7m   \u001b[0m \u001b[91m~~~~~~~~~~~~~~~~~\u001b[0m\r\n\u001b[96msrc/services/customer/CustomerService.ts\u001b[0m:\u001b[93m211\u001b[0m:\u001b[93m1\u001b[0m - \u001b[91merror\u001b[0m\u001b[90m TS2322: \u001b[0mType 'string' is not assignable to type 'number'.\r\n\r\n\u001b[7m211\u001b[0m customer.totalPaid = totalPaidNum.toFixed(2);\r\n\u001b[7m   \u001b[0m \u001b[91m~~~~~~~~~~~~~~~~~~\u001b[0m\r\n\u001b[96msrc/services/customer/CustomerService.ts\u001b[0m:\u001b[93m212\u001b[0m:\u001b[93m1\u001b[0m - \u001b[91merror\u001b[0m\u001b[90m TS2322: \u001b[0mType 'string' is not assignable to type 'number'.\r\n\r\n\u001b[7m212\u001b[0m customer.balance = balanceNum.toFixed(2);\r\n\u001b[7m   \u001b[0m \u001b[91m~~~~~~~~~~~~~~~~\u001b[0m\r\n","service":"billing-saas-api","stack":"TSError: ⨯ Unable to compile TypeScript:\n\u001b[96msrc/services/customer/CustomerService.ts\u001b[0m:\u001b[93m210\u001b[0m:\u001b[93m1\u001b[0m - \u001b[91merror\u001b[0m\u001b[90m TS2322: \u001b[0mType 'string' is not assignable to type 'number'.\r\n\r\n\u001b[7m210\u001b[0m customer.totalDue = totalDueNum.toFixed(2);\r\n\u001b[7m   \u001b[0m \u001b[91m~~~~~~~~~~~~~~~~~\u001b[0m\r\n\u001b[96msrc/services/customer/CustomerService.ts\u001b[0m:\u001b[93m211\u001b[0m:\u001b[93m1\u001b[0m - \u001b[91merror\u001b[0m\u001b[90m TS2322: \u001b[0mType 'string' is not assignable to type 'number'.\r\n\r\n\u001b[7m211\u001b[0m customer.totalPaid = totalPaidNum.toFixed(2);\r\n\u001b[7m   \u001b[0m \u001b[91m~~~~~~~~~~~~~~~~~~\u001b[0m\r\n\u001b[96msrc/services/customer/CustomerService.ts\u001b[0m:\u001b[93m212\u001b[0m:\u001b[93m1\u001b[0m - \u001b[91merror\u001b[0m\u001b[90m TS2322: \u001b[0mType 'string' is not assignable to type 'number'.\r\n\r\n\u001b[7m212\u001b[0m customer.balance = balanceNum.toFixed(2);\r\n\u001b[7m   \u001b[0m \u001b[91m~~~~~~~~~~~~~~~~\u001b[0m\r\n\n    at createTSError (E:\\BillingSoftware\\node_modules\\ts-node\\src\\index.ts:859:12)\n    at reportTSError (E:\\BillingSoftware\\node_modules\\ts-node\\src\\index.ts:863:19)\n    at getOutput (E:\\BillingSoftware\\node_modules\\ts-node\\src\\index.ts:1077:36)\n    at Object.compile (E:\\BillingSoftware\\node_modules\\ts-node\\src\\index.ts:1433:41)\n    at Module.m._compile (E:\\BillingSoftware\\node_modules\\ts-node\\src\\index.ts:1617:30)\n    at node:internal/modules/cjs/loader:1895:10\n    at Object.require.extensions.<computed> [as .ts] (E:\\BillingSoftware\\node_modules\\ts-node\\src\\index.ts:1621:12)\n    at Module.load (node:internal/modules/cjs/loader:1465:32)\n    at Function._load (node:internal/modules/cjs/loader:1282:12)\n    at TracingChannel.traceSync (node:diagnostics_channel:322:14)","timestamp":"2025-11-27 17:26:34:2634"}
{"level":"info","message":"✅ Redis connected","service":"billing-saas-api","timestamp":"2025-11-27 17:26:34:2634"}
{"level":"info","message":"✅ Redis connected","service":"billing-saas-api","timestamp":"2025-11-27 17:30:57:3057"}
{"level":"info","message":"✅ Database connection established","service":"billing-saas-api","timestamp":"2025-11-27 17:30:58:3058"}
{"level":"info","message":"Database connected successfully","service":"billing-saas-api","timestamp":"2025-11-27 17:30:58:3058"}
{"level":"info","message":"Server running on port 3001 in development mode","service":"billing-saas-api","timestamp":"2025-11-27 17:30:58:3058"}
{"level":"info","message":"✅ Redis connected","service":"billing-saas-api","timestamp":"2025-11-27 17:47:24:4724"}
{"level":"info","message":"✅ Database connection established","service":"billing-saas-api","timestamp":"2025-11-27 17:47:24:4724"}
{"level":"info","message":"Database connected successfully","service":"billing-saas-api","timestamp":"2025-11-27 17:47:24:4724"}
{"level":"info","message":"Server running on port 3001 in development mode","service":"billing-saas-api","timestamp":"2025-11-27 17:47:24:4724"}
{"level":"info","message":"✅ Redis connected","service":"billing-saas-api","timestamp":"2025-11-27 17:50:11:5011"}
{"level":"info","message":"✅ Database connection established","service":"billing-saas-api","timestamp":"2025-11-27 17:50:12:5012"}
{"level":"info","message":"Database connected successfully","service":"billing-saas-api","timestamp":"2025-11-27 17:50:12:5012"}
{"level":"info","message":"Server running on port 3001 in development mode","service":"billing-saas-api","timestamp":"2025-11-27 17:50:12:5012"}
{"level":"info","message":"✅ Redis connected","service":"billing-saas-api","timestamp":"2025-11-27 17:52:08:528"}
{"level":"info","message":"✅ Database connection established","service":"billing-saas-api","timestamp":"2025-11-27 17:52:08:528"}
{"level":"info","message":"Database connected successfully","service":"billing-saas-api","timestamp":"2025-11-27 17:52:08:528"}
{"level":"info","message":"Server running on port 3001 in development mode","service":"billing-saas-api","timestamp":"2025-11-27 17:52:08:528"}
{"level":"error","message":"Error fetching customers: Property \"paymentStatus\" was not found in \"Customer\". Make sure your query is correct.","service":"billing-saas-api","stack":"EntityPropertyNotFoundError: Property \"paymentStatus\" was not found in \"Customer\". Make sure your query is correct.\n    at SelectQueryBuilder.buildWhere (E:\\BillingSoftware\\node_modules\\src\\query-builder\\SelectQueryBuilder.ts:4314:27)\n    at SelectQueryBuilder.applyFindOptions (E:\\BillingSoftware\\node_modules\\src\\query-builder\\SelectQueryBuilder.ts:3199:40)\n    at SelectQueryBuilder.setFindOptions (E:\\BillingSoftware\\node_modules\\src\\query-builder\\SelectQueryBuilder.ts:106:14)\n    at EntityManager.findAndCount (E:\\BillingSoftware\\node_modules\\src\\entity-manager\\EntityManager.ts:1153:14)\n    at Repository.findAndCount (E:\\BillingSoftware\\node_modules\\src\\repository\\Repository.ts:593:29)\n    at CustomerService.getCustomers (E:\\BillingSoftware\\packages\\backend\\src\\services\\customer\\CustomerService.ts:224:62)\n    at E:\\BillingSoftware\\packages\\backend\\src\\controllers\\CustomerController.ts:138:43\n    at CacheService.getOrSet (E:\\BillingSoftware\\packages\\backend\\src\\services\\cache\\CacheService.ts:81:25)\n    at processTicksAndRejections (node:internal/process/task_queues:105:5)\n    at async CustomerController.getCustomers (E:\\BillingSoftware\\packages\\backend\\src\\controllers\\CustomerController.ts:137:25)","timestamp":"2025-11-27 17:53:22:5322"}
{"level":"error","message":"Error fetching customers: Property \"paymentStatus\" was not found in \"Customer\". Make sure your query is correct.","service":"billing-saas-api","stack":"EntityPropertyNotFoundError: Property \"paymentStatus\" was not found in \"Customer\". Make sure your query is correct.\n    at SelectQueryBuilder.buildWhere (E:\\BillingSoftware\\node_modules\\src\\query-builder\\SelectQueryBuilder.ts:4314:27)\n    at SelectQueryBuilder.applyFindOptions (E:\\BillingSoftware\\node_modules\\src\\query-builder\\SelectQueryBuilder.ts:3199:40)\n    at SelectQueryBuilder.setFindOptions (E:\\BillingSoftware\\node_modules\\src\\query-builder\\SelectQueryBuilder.ts:106:14)\n    at EntityManager.findAndCount (E:\\BillingSoftware\\node_modules\\src\\entity-manager\\EntityManager.ts:1153:14)\n    at Repository.findAndCount (E:\\BillingSoftware\\node_modules\\src\\repository\\Repository.ts:593:29)\n    at CustomerService.getCustomers (E:\\BillingSoftware\\packages\\backend\\src\\services\\customer\\CustomerService.ts:224:62)\n    at E:\\BillingSoftware\\packages\\backend\\src\\controllers\\CustomerController.ts:138:43\n    at CacheService.getOrSet (E:\\BillingSoftware\\packages\\backend\\src\\services\\cache\\CacheService.ts:81:25)\n    at processTicksAndRejections (node:internal/process/task_queues:105:5)\n    at async CustomerController.getCustomers (E:\\BillingSoftware\\packages\\backend\\src\\controllers\\CustomerController.ts:137:25)","timestamp":"2025-11-27 17:53:22:5322"}
{"level":"info","message":"✅ Redis connected","service":"billing-saas-api","timestamp":"2025-11-27 18:01:40:140"}
{"level":"info","message":"✅ Database connection established","service":"billing-saas-api","timestamp":"2025-11-27 18:01:41:141"}
{"level":"info","message":"Database connected successfully","service":"billing-saas-api","timestamp":"2025-11-27 18:01:41:141"}
{"level":"info","message":"Server running on port 3001 in development mode","service":"billing-saas-api","timestamp":"2025-11-27 18:01:41:141"}
{"level":"info","message":"✅ Redis connected","service":"billing-saas-api","timestamp":"2025-11-27 18:03:11:311"}
{"level":"info","message":"✅ Database connection established","service":"billing-saas-api","timestamp":"2025-11-27 18:03:11:311"}
{"level":"info","message":"Database connected successfully","service":"billing-saas-api","timestamp":"2025-11-27 18:03:11:311"}
{"level":"info","message":"Server running on port 3001 in development mode","service":"billing-saas-api","timestamp":"2025-11-27 18:03:11:311"}
{"level":"info","message":"✅ Redis connected","service":"billing-saas-api","timestamp":"2025-11-27 18:05:51:551"}
{"level":"info","message":"✅ Database connection established","service":"billing-saas-api","timestamp":"2025-11-27 18:05:52:552"}
{"level":"info","message":"Database connected successfully","service":"billing-saas-api","timestamp":"2025-11-27 18:05:52:552"}
{"level":"info","message":"Server running on port 3001 in development mode","service":"billing-saas-api","timestamp":"2025-11-27 18:05:52:552"}
{"level":"info","message":"✅ Redis connected","service":"billing-saas-api","timestamp":"2025-11-27 18:13:16:1316"}
{"level":"info","message":"✅ Database connection established","service":"billing-saas-api","timestamp":"2025-11-27 18:13:17:1317"}
{"level":"info","message":"Database connected successfully","service":"billing-saas-api","timestamp":"2025-11-27 18:13:17:1317"}
{"level":"info","message":"Server running on port 3001 in development mode","service":"billing-saas-api","timestamp":"2025-11-27 18:13:17:1317"}
{"level":"info","message":"✅ Redis connected","service":"billing-saas-api","timestamp":"2025-11-27 18:18:32:1832"}
{"level":"info","message":"✅ Database connection established","service":"billing-saas-api","timestamp":"2025-11-27 18:18:33:1833"}
{"level":"info","message":"Database connected successfully","service":"billing-saas-api","timestamp":"2025-11-27 18:18:33:1833"}
{"level":"info","message":"Server running on port 3001 in development mode","service":"billing-saas-api","timestamp":"2025-11-27 18:18:33:1833"}
{"level":"info","message":"✅ Redis connected","service":"billing-saas-api","timestamp":"2025-11-27 18:24:26:2426"}
{"level":"info","message":"✅ Database connection established","service":"billing-saas-api","timestamp":"2025-11-27 18:24:27:2427"}
{"level":"info","message":"Database connected successfully","service":"billing-saas-api","timestamp":"2025-11-27 18:24:27:2427"}
{"level":"info","message":"Server running on port 3001 in development mode","service":"billing-saas-api","timestamp":"2025-11-27 18:24:27:2427"}
{"level":"info","message":"✅ Redis connected","service":"billing-saas-api","timestamp":"2025-11-27 18:27:38:2738"}
{"level":"info","message":"✅ Database connection established","service":"billing-saas-api","timestamp":"2025-11-27 18:27:38:2738"}
{"level":"info","message":"Database connected successfully","service":"billing-saas-api","timestamp":"2025-11-27 18:27:38:2738"}
{"level":"info","message":"Server running on port 3001 in development mode","service":"billing-saas-api","timestamp":"2025-11-27 18:27:38:2738"}
